Date,Aichi,Ehime,Ibrakai,Okayama,Okinawa,Iwate,Gifu,Miyazaki,Miaygi,Kyoto,Kumamoto,Gunma,Hiroshima,Kagawa,Kochi,Saga,Saitama,Mie,Yamagata,Yamaguchi,Yamanashi,Shiga,Kagoshima,Akita,Nigata,Kanagawa,Aomori,Shizuoka,Ishikawa,Chiba,Osaka,Oita,Nagasaki,Nagano,Tottori,Shimane,Tokyo,Tokushima,Tochigi,Nara,Toyama,Fukui,Fukuoka,Fukushima,Hyogo,Hokkaido,Wakayama
2012/9/10,49,58,62,25,17,37,14,353,47,57,128,31,155,19,16,89,103,22,35,151,1,12,116,48,42,70,46,90,53,108,225,94,60,4,5,18,358,12,46,22,29,41,643,74,56,41,7
2012/9/17,82,33,62,25,33,21,22,210,32,57,124,30,138,20,14,102,96,30,38,169,1,14,94,30,42,79,40,72,72,100,268,92,49,1,8,34,332,11,42,26,45,24,560,60,53,50,25
2012/9/24,113,56,97,56,17,64,42,222,29,62,144,66,129,37,29,118,175,36,60,158,2,17,77,45,94,157,27,135,78,160,359,82,68,8,24,52,569,19,70,32,68,75,496,78,120,66,18
2012/10/1,155,46,110,54,21,78,38,148,41,90,106,155,118,44,45,127,220,64,99,162,6,35,56,61,115,127,48,110,82,135,362,80,63,5,36,69,548,48,89,31,65,78,476,116,116,104,25
2012/10/8,148,30,77,63,14,65,40,79,26,63,97,87,109,41,21,80,157,40,67,111,2,40,40,47,134,76,40,86,55,103,278,61,57,7,34,47,359,30,55,28,46,40,253,94,117,88,15
2012/10/15,142,28,74,68,13,64,39,93,28,75,79,104,96,54,26,50,157,44,85,101,6,51,24,86,169,103,60,111,59,99,241,51,74,9,37,38,297,22,66,36,54,68,231,82,143,99,21
2012/10/22,136,40,47,49,7,49,53,52,19,77,73,101,82,70,18,42,149,60,86,83,6,25,28,58,195,80,77,89,53,105,254,49,59,12,44,45,254,21,70,28,51,59,202,82,131,153,18
2012/10/29,127,38,29,49,8,67,47,46,24,66,69,93,77,84,16,46,112,41,63,67,6,30,17,28,198,67,49,115,57,85,221,30,56,19,30,33,171,22,52,21,32,61,116,101,116,175,15
2012/11/5,140,73,36,64,2,81,62,22,25,77,48,99,92,81,15,31,133,46,64,87,5,54,11,26,296,76,64,115,57,83,242,36,76,51,40,73,172,33,48,30,35,70,113,89,117,207,14
2012/11/12,158,77,44,44,7,82,81,22,24,58,43,86,100,106,11,28,136,30,54,95,7,58,19,28,277,74,58,115,30,62,232,15,59,36,26,43,135,37,80,18,29,62,89,79,136,274,22
2012/11/19,202,90,25,49,4,52,80,21,32,52,23,67,93,110,21,15,145,54,47,80,7,43,9,44,234,86,63,85,17,47,236,22,65,70,23,45,150,43,81,26,20,39,48,103,126,274,35
2012/11/26,220,98,50,47,7,27,85,13,36,66,38,64,93,105,26,15,123,51,44,72,9,63,15,43,259,107,78,101,21,60,312,42,75,96,26,49,110,69,82,31,13,39,60,107,187,343,35
2012/12/3,250,103,34,53,6,48,63,19,74,49,54,71,79,122,46,9,98,48,28,55,14,95,8,37,218,104,36,117,13,77,344,42,65,130,31,86,138,87,94,33,18,33,59,117,256,409,50
2012/12/10,285,103,38,47,8,41,74,20,36,59,59,51,76,69,39,13,135,69,50,98,14,81,9,26,128,125,46,99,21,54,380,42,63,115,43,51,135,138,64,28,19,19,54,103,332,427,36
2012/12/17,299,98,44,42,11,31,89,18,32,39,63,45,63,53,67,4,166,73,42,89,11,84,17,28,94,144,26,140,20,83,395,32,52,185,51,53,181,153,67,34,15,24,77,97,334,391,61
2012/12/24,285,74,35,41,12,61,74,35,59,43,38,49,80,96,60,10,134,73,31,63,9,58,13,13,67,141,21,143,22,70,366,31,48,145,39,45,115,121,47,41,20,28,90,98,292,320,49
2012/12/31,143,38,38,37,8,24,40,22,13,17,26,20,30,38,35,1,61,38,8,41,6,33,14,11,23,40,15,64,11,25,187,22,23,36,7,20,44,67,28,24,6,12,50,53,93,94,39
2013/1/7,168,41,30,36,9,14,36,14,14,34,41,23,63,32,27,7,81,35,13,60,12,32,21,9,25,64,14,77,7,47,262,10,23,66,15,17,86,80,24,18,4,8,60,63,174,141,34
2013/1/14,110,30,22,25,10,11,30,27,30,15,34,10,58,22,40,4,61,35,6,60,13,17,24,6,11,45,8,68,6,38,192,20,23,33,27,22,57,52,16,17,12,13,47,39,102,96,19
2013/1/21,86,44,21,26,9,3,38,40,25,13,33,1,52,12,62,12,51,41,4,71,7,33,24,8,12,58,20,75,7,38,205,31,23,58,10,23,98,50,10,17,12,11,70,42,89,74,33
2013/1/28,77,52,26,25,14,8,23,34,21,21,33,10,58,22,82,7,51,29,4,60,6,19,35,8,7,47,14,70,0,36,180,15,26,51,5,15,125,42,11,10,11,16,68,22,58,71,25
2013/2/4,62,31,8,19,13,8,14,35,18,19,43,7,50,13,59,7,35,29,5,41,5,12,33,9,5,59,7,64,5,27,149,32,18,44,8,8,79,35,12,21,2,7,77,40,57,63,29
2013/2/11,47,37,9,13,22,7,5,39,15,14,27,2,29,8,43,3,33,48,0,44,4,16,42,6,4,39,7,47,2,18,124,23,18,26,2,7,72,15,6,13,8,4,84,32,43,37,16
2013/2/18,48,38,7,9,18,2,12,53,9,2,35,8,41,6,45,14,22,44,5,51,0,14,64,7,10,32,5,61,6,23,102,34,9,21,4,8,59,14,10,12,8,4,73,21,50,65,13
2013/2/25,42,22,9,7,33,1,13,61,7,8,28,11,41,8,35,3,36,22,5,41,0,14,76,4,10,36,7,54,7,21,89,36,18,24,5,10,67,24,3,31,5,5,104,14,27,44,16
2013/3/4,54,18,14,10,24,3,7,46,13,5,22,19,52,5,26,22,19,27,5,40,1,8,69,6,8,37,7,44,5,20,95,28,6,23,2,7,34,13,2,16,2,3,100,22,29,48,15
2013/3/11,39,21,9,11,32,2,4,36,11,3,19,10,40,9,22,16,14,24,6,55,0,12,72,7,6,31,4,49,3,19,71,23,5,11,7,10,45,4,7,18,12,2,96,33,27,57,9
2013/3/18,38,11,8,10,23,0,6,28,9,8,11,6,31,4,13,13,19,17,10,30,1,6,50,4,6,30,4,32,5,10,70,13,6,19,4,10,39,6,1,13,8,5,86,19,17,44,11
2013/3/25,41,8,3,7,32,0,4,37,7,7,17,3,28,2,12,7,17,17,7,19,2,2,54,4,12,12,3,30,3,20,60,11,5,10,5,6,46,1,1,5,5,7,89,8,13,46,6
2013/4/1,40,11,15,9,24,3,6,29,10,5,5,5,21,2,7,10,11,6,0,26,2,4,30,3,9,13,6,17,11,13,46,10,8,8,1,3,26,1,0,5,7,1,45,9,20,32,5
2013/4/8,41,25,6,4,39,2,3,13,8,7,6,3,44,0,1,5,20,5,2,18,1,1,24,1,5,25,3,24,10,9,49,10,6,4,2,6,28,1,1,11,6,7,52,13,14,35,7
2013/4/15,21,20,6,6,42,3,1,18,6,5,5,0,24,1,2,13,23,6,3,14,1,1,34,3,10,14,6,17,4,10,55,3,4,3,3,7,36,2,1,5,3,2,56,7,7,34,2
2013/4/22,21,9,2,3,45,1,2,30,8,6,8,1,14,1,3,7,24,2,5,9,1,3,28,10,7,16,4,19,8,8,41,4,6,0,0,3,32,1,1,7,6,5,44,11,17,29,8
2013/4/29,24,11,9,5,32,2,3,7,2,6,4,2,19,1,2,4,6,3,3,4,2,0,16,6,1,14,4,10,5,4,20,2,3,2,2,5,19,7,1,0,5,1,35,10,11,36,4
2013/5/6,32,9,7,4,37,0,3,14,3,5,0,0,14,0,1,3,6,4,2,7,0,1,24,5,9,9,3,12,2,6,29,2,2,1,3,2,22,3,8,3,4,3,23,13,10,37,1
2013/5/13,16,5,5,3,19,0,1,17,5,6,2,1,21,1,1,1,11,2,2,5,0,3,10,5,2,10,1,10,2,7,42,3,2,2,0,1,17,2,3,1,4,6,23,21,11,42,4
2013/5/20,28,6,3,0,48,0,1,13,6,9,0,0,25,2,0,2,11,5,2,9,1,1,17,6,8,8,14,24,4,7,26,4,2,0,0,1,37,3,3,3,0,3,28,14,9,36,0
2013/5/27,15,5,6,0,50,0,1,10,9,5,1,0,14,1,0,0,14,4,1,1,1,2,6,4,4,11,7,15,10,10,31,4,0,1,1,6,23,2,5,3,1,2,13,8,10,51,0
2013/6/3,20,4,4,2,68,0,2,6,8,3,3,0,10,1,0,1,10,10,1,1,2,0,14,3,9,6,6,11,1,16,27,2,0,2,5,1,22,3,1,0,4,3,16,12,10,40,2
2013/6/10,19,3,1,2,85,3,0,3,2,0,1,1,6,0,0,0,6,0,0,4,0,0,17,3,10,8,9,7,4,10,13,2,2,1,3,0,14,3,0,0,3,5,20,7,12,42,0
2013/6/17,17,5,5,2,59,1,2,8,6,0,5,0,4,0,0,0,13,0,4,2,0,0,20,4,6,7,7,11,4,8,18,2,2,0,0,1,24,3,3,3,2,2,14,15,4,68,0
2013/6/24,14,5,7,1,94,2,2,3,10,0,1,0,10,0,0,0,17,1,2,9,2,0,29,8,9,10,2,15,0,8,25,2,2,0,1,0,31,1,3,1,3,6,21,13,7,57,2
2013/7/1,25,2,5,3,113,0,2,11,7,1,1,0,3,1,0,1,25,9,5,7,2,0,16,1,4,15,8,13,1,11,37,3,0,0,0,5,33,1,0,2,8,6,44,6,6,68,0
2013/7/8,14,4,10,2,81,0,3,9,17,1,3,0,8,0,0,1,20,12,3,13,1,0,20,0,5,16,6,5,2,14,36,3,0,0,2,1,39,0,1,0,7,6,79,17,5,93,0
2013/7/15,28,5,7,3,70,4,3,10,16,3,6,0,20,0,0,0,17,14,2,25,1,0,25,1,5,19,9,7,0,21,40,5,0,0,1,3,53,2,1,1,1,5,82,21,13,85,1
2013/7/22,26,10,5,0,59,1,2,14,20,0,13,1,36,0,0,2,24,7,4,40,0,0,39,0,8,26,10,8,4,42,59,5,1,0,0,4,55,1,1,5,8,1,133,20,16,117,4
2013/7/29,35,11,17,7,52,0,10,33,52,3,19,0,45,0,0,0,53,13,2,35,2,0,46,0,21,37,15,7,3,39,81,3,4,1,3,4,93,3,5,6,12,12,159,25,16,111,14
2013/8/5,49,19,15,13,37,2,11,31,32,1,25,4,58,0,0,10,68,28,9,54,2,0,88,2,33,55,19,9,2,54,91,2,2,0,7,4,133,6,4,5,7,23,155,48,22,63,3
2013/8/12,65,34,16,11,24,6,22,52,25,2,19,1,51,2,5,16,45,18,11,49,1,0,85,10,38,40,15,18,0,23,117,2,31,2,7,17,89,10,6,4,6,18,138,39,27,57,7
2013/8/19,50,19,14,4,25,0,22,53,23,11,41,2,48,4,8,32,41,19,7,72,0,0,61,6,45,36,4,20,4,47,90,6,41,1,2,26,78,8,7,4,9,18,159,21,20,67,6
2013/8/26,51,29,20,10,22,2,27,119,36,29,67,3,55,3,11,60,72,7,40,78,0,0,98,5,86,58,10,17,19,47,144,5,45,3,4,70,146,9,21,10,11,33,268,33,38,71,12
2013/9/2,86,58,40,11,18,12,41,101,29,26,91,9,74,20,12,67,85,18,45,112,0,1,112,13,135,58,6,30,25,64,208,9,46,6,5,48,212,19,26,3,11,54,316,40,51,78,20
2013/9/9,154,48,56,22,12,30,46,163,34,40,113,17,100,33,13,46,121,20,54,155,2,13,170,15,158,79,20,66,39,92,288,15,47,16,11,59,302,35,37,19,19,68,324,42,130,94,32
2013/9/16,137,34,28,28,22,44,61,157,41,65,113,13,81,33,15,42,92,15,59,160,6,5,128,12,174,78,20,49,32,89,296,18,51,11,21,52,263,30,30,46,20,48,273,72,147,124,42
2013/9/23,97,37,39,28,9,57,50,89,58,46,126,20,78,36,8,19,101,20,42,96,8,7,105,10,144,71,15,44,20,73,244,31,70,13,22,45,245,44,20,22,25,29,231,70,163,95,40
2013/9/30,130,43,49,25,8,69,28,95,43,48,128,55,89,26,18,31,133,34,43,94,5,7,97,28,161,99,19,58,22,78,264,37,83,16,25,43,263,40,27,26,14,25,198,96,170,128,30
2013/10/7,130,39,58,44,5,86,41,121,52,60,121,70,67,45,24,30,225,21,63,88,11,16,114,23,131,105,28,76,24,97,315,49,96,18,39,32,322,79,69,23,9,21,232,67,213,145,48
2013/10/14,138,42,48,21,7,66,43,57,32,62,106,65,79,36,30,29,199,28,47,86,7,21,67,25,107,95,20,81,30,85,244,48,67,19,37,27,271,71,66,36,16,15,179,42,185,147,43
2013/10/21,183,67,40,38,3,80,55,32,46,64,80,86,98,65,43,28,217,33,66,94,9,32,65,28,103,150,40,95,29,96,300,37,47,30,39,49,274,84,86,48,23,23,161,56,180,149,51
2013/10/28,199,100,60,60,10,99,61,29,56,69,85,121,83,73,41,44,210,44,65,61,6,66,63,38,85,186,40,128,19,122,323,69,45,49,66,42,291,110,81,31,39,22,146,86,224,197,51
2013/11/4,187,76,28,49,4,97,40,26,45,57,70,117,84,85,29,34,198,48,72,80,16,40,35,29,80,123,28,118,32,98,309,49,43,39,55,40,236,97,77,36,18,12,129,69,148,201,54
2013/11/11,206,74,67,54,5,104,48,23,61,57,58,160,93,46,33,37,214,47,84,66,11,91,25,27,73,151,72,182,24,77,337,50,50,37,47,24,245,94,135,30,29,21,96,97,212,214,45
2013/11/18,218,64,67,70,5,95,60,19,67,58,74,165,92,73,44,35,202,79,97,55,21,75,23,25,87,139,58,172,19,83,324,34,57,65,51,29,213,142,93,31,25,24,97,89,206,220,51
2013/11/25,225,53,73,64,3,65,54,19,57,64,38,119,88,93,48,34,181,116,66,66,24,64,33,23,84,132,70,185,20,88,352,43,45,127,46,21,245,124,113,32,39,34,105,118,200,299,74
2013/12/2,223,73,66,60,2,60,44,20,64,66,46,88,85,81,73,37,172,120,59,68,27,63,30,15,101,161,102,175,23,101,319,42,56,157,76,24,218,91,95,54,30,15,111,126,196,384,80
2013/12/9,212,66,59,55,1,52,65,25,60,55,62,79,80,134,67,55,192,116,64,94,36,61,38,13,102,153,63,200,28,106,314,45,59,176,48,18,214,129,88,45,31,27,96,129,196,341,36
2013/12/16,188,63,51,57,9,32,48,31,55,34,77,53,92,113,112,33,140,99,66,84,29,51,32,18,117,105,49,156,41,59,328,45,61,172,51,23,178,118,71,67,29,24,131,129,195,335,36
2013/12/23,194,42,64,42,3,29,52,33,35,30,65,38,74,65,78,31,120,110,43,101,19,49,59,15,116,103,47,133,26,73,256,30,61,136,39,24,148,77,48,73,31,21,157,116,163,305,49
2013/12/30,106,30,58,30,3,17,25,36,15,13,31,16,55,66,31,17,70,48,9,45,5,24,28,10,22,17,22,71,20,17,110,25,42,40,16,15,28,60,16,24,8,8,81,55,51,125,33
2014/1/6,148,56,47,36,9,16,65,36,32,26,43,26,74,48,53,32,84,62,17,94,8,27,57,8,69,68,17,85,17,52,223,32,54,53,10,16,123,64,27,26,18,16,153,73,128,184,25
2014/1/13,101,34,35,34,9,14,38,66,30,11,44,21,66,27,44,18,46,35,13,86,15,16,81,2,54,42,7,58,24,37,165,55,52,38,7,11,85,30,17,20,17,20,138,33,61,108,22
2014/1/20,99,26,26,15,12,7,32,119,26,20,62,24,67,23,40,27,48,25,8,108,8,13,70,5,60,47,8,46,28,47,157,32,27,34,20,10,85,36,13,19,29,19,177,48,54,99,13
2014/1/27,88,28,48,10,4,10,20,97,18,12,51,22,59,11,21,24,44,21,4,94,8,11,74,5,62,57,12,47,19,28,162,23,36,37,17,13,77,40,17,17,24,21,179,38,55,74,21
2014/2/3,68,20,22,19,10,8,19,66,21,16,38,12,52,18,22,21,43,15,13,99,9,8,79,5,50,37,4,14,28,26,122,36,35,20,15,8,81,30,7,13,13,26,157,54,46,62,8
2014/2/10,56,18,13,19,13,2,4,65,14,8,24,12,48,8,12,7,35,8,2,98,6,7,60,2,36,26,4,28,34,28,103,26,19,15,10,12,38,21,9,21,7,31,122,45,53,39,5
2014/2/17,58,17,15,11,32,8,13,47,14,11,29,6,34,12,11,15,26,6,3,75,8,10,49,2,28,45,7,28,14,15,112,9,24,8,3,7,39,12,7,19,13,14,107,55,39,37,8
2014/2/24,47,9,11,13,28,1,11,63,15,7,28,3,29,10,6,8,32,3,4,73,2,5,29,2,29,47,8,24,15,27,84,9,20,5,5,11,26,14,5,11,5,14,90,36,38,48,5
2014/3/3,36,12,5,8,46,2,7,51,15,9,21,6,25,7,7,8,26,5,4,47,2,7,33,0,22,32,3,18,8,21,71,12,19,8,1,4,34,8,9,10,5,13,82,33,22,41,9
2014/3/10,28,21,7,2,42,3,14,33,7,10,21,2,19,4,6,8,12,7,2,32,4,1,34,0,34,27,8,23,4,20,66,4,18,4,2,7,37,7,5,11,7,12,69,34,16,40,4
2014/3/17,22,7,2,3,43,1,3,36,11,8,9,3,11,4,3,1,13,7,1,24,8,0,22,1,43,20,7,20,5,10,47,9,8,3,1,5,33,0,3,12,8,7,64,18,17,26,3
2014/3/24,17,4,1,4,59,1,4,31,1,3,11,6,13,4,9,1,11,5,0,32,0,4,31,0,25,21,6,13,9,7,78,3,3,3,2,8,35,4,0,16,4,13,47,29,17,35,11
2014/3/31,20,6,7,3,36,4,4,13,10,5,5,2,15,4,2,5,16,2,3,18,1,0,16,3,17,19,6,11,4,8,66,2,4,2,3,6,26,4,2,2,0,8,38,23,18,29,4
2014/4/7,15,5,6,2,47,1,3,11,17,4,4,0,10,2,4,3,7,1,0,22,2,1,25,0,13,21,3,13,4,11,67,4,6,3,1,16,27,1,0,8,2,14,42,16,14,34,1
2014/4/14,11,7,7,2,71,0,2,19,12,10,2,2,12,6,9,5,16,4,2,24,0,1,23,1,10,12,10,4,6,5,55,3,10,2,2,7,23,4,4,1,1,7,38,11,9,29,2
2014/4/21,20,2,6,2,35,2,4,7,9,7,3,0,15,7,1,3,19,3,3,29,0,3,6,3,26,10,3,9,4,4,40,3,10,1,0,3,32,1,2,4,3,9,17,12,10,40,3
2014/4/28,13,3,2,3,25,1,3,10,8,1,2,0,9,8,2,5,6,3,1,15,0,1,7,1,21,9,1,6,12,5,52,3,14,0,0,4,19,4,3,0,0,4,17,12,9,28,1
2014/5/5,6,2,3,0,32,2,1,2,8,5,1,2,14,1,0,5,8,2,1,6,0,0,7,3,15,6,0,10,4,6,21,2,5,1,2,1,14,0,1,2,0,3,10,9,12,25,2
2014/5/12,7,3,5,1,22,0,0,7,7,3,1,2,8,1,2,3,4,4,1,8,0,0,8,2,22,7,2,9,2,5,35,3,3,0,4,1,30,3,3,6,0,4,12,5,9,34,1
2014/5/19,7,4,2,0,24,2,0,0,7,2,0,0,3,1,3,1,4,2,2,2,1,0,10,10,23,8,0,4,2,6,28,1,8,0,1,1,16,0,0,0,0,5,18,11,10,33,0
2014/5/26,4,2,6,2,26,2,3,1,7,4,0,0,2,0,0,0,3,2,2,4,0,1,7,0,39,3,2,4,2,10,24,1,3,1,1,0,21,0,1,2,1,1,9,14,12,41,3
2014/6/2,3,3,2,0,33,1,0,0,6,4,0,0,4,0,0,1,1,0,1,1,0,0,9,0,29,2,2,7,2,5,34,1,0,0,0,1,20,2,2,0,0,3,5,18,7,39,4
2014/6/9,7,1,7,1,40,2,0,2,5,5,0,0,2,0,0,1,5,1,1,4,0,0,10,0,17,4,0,5,0,9,23,0,2,0,0,1,16,2,0,3,0,0,7,9,4,23,2
2014/6/16,6,0,2,2,43,1,2,1,10,1,0,0,1,0,8,1,6,0,0,2,0,0,11,4,14,5,0,2,0,14,14,2,2,0,0,3,34,0,0,2,0,3,9,10,1,38,2
2014/6/23,7,2,1,0,50,1,0,2,8,0,0,0,0,0,0,0,3,0,0,2,0,0,9,2,15,1,1,3,0,8,30,2,1,0,0,0,30,0,1,0,0,8,7,5,4,41,3
2014/6/30,1,6,0,0,58,0,0,3,6,0,0,1,3,0,1,0,13,0,1,5,0,0,18,1,15,6,0,3,1,11,20,4,1,0,1,0,9,0,1,1,0,1,14,11,12,22,4
2014/7/7,5,0,3,0,50,1,1,1,8,4,0,0,3,0,0,0,11,0,3,3,0,0,4,0,9,14,0,5,0,7,23,4,11,0,2,0,32,0,0,1,0,2,18,9,5,42,1
2014/7/14,8,0,1,0,77,2,0,4,12,0,1,1,6,0,0,2,13,0,2,4,0,0,9,1,18,12,8,10,2,9,32,0,5,0,0,1,27,0,1,1,0,4,34,19,4,45,3
2014/7/21,2,2,1,0,47,0,1,0,8,0,0,0,9,1,0,0,18,0,5,4,0,0,6,0,23,14,2,7,6,11,35,0,8,0,2,1,24,1,1,0,0,2,54,8,5,53,9
2014/7/28,9,4,3,1,49,6,1,3,7,12,7,0,7,0,0,0,17,3,3,5,0,1,14,3,25,11,1,5,2,17,37,0,12,0,3,4,27,1,5,0,0,1,63,11,8,47,11
2014/8/4,18,12,1,0,42,2,4,11,7,3,5,0,21,1,0,18,14,2,0,11,0,2,17,8,31,15,4,3,0,15,55,0,15,0,9,2,36,0,3,1,0,4,92,7,14,32,14
2014/8/11,39,14,4,0,38,2,8,2,3,1,0,1,14,3,0,13,17,8,3,5,0,0,43,3,21,22,4,4,0,11,76,3,29,0,7,4,37,0,3,1,1,1,70,10,5,40,23
2014/8/18,41,18,7,0,36,4,6,1,5,3,8,2,23,0,4,24,6,5,1,16,0,7,36,3,30,28,3,1,1,16,78,9,28,1,5,5,60,1,1,1,1,4,116,4,26,40,10
2014/8/25,52,19,4,4,42,5,8,24,8,11,15,2,64,2,2,49,40,3,7,25,0,8,64,3,37,41,4,10,0,22,161,17,47,2,8,22,79,3,12,6,2,16,196,11,19,37,21
2014/9/1,80,72,13,5,13,6,39,80,12,30,66,8,114,11,9,65,55,6,4,84,2,10,94,4,79,74,4,20,3,44,258,22,103,4,12,16,120,22,17,12,7,13,297,13,65,41,28
2014/9/8,125,85,7,26,26,12,53,148,12,50,137,10,123,5,24,51,80,18,6,97,10,25,132,5,122,104,5,33,8,62,365,53,135,8,13,15,150,30,13,16,8,14,369,16,83,46,47
2014/9/15,139,92,14,25,15,4,38,65,10,72,97,10,133,13,29,47,73,14,13,92,7,28,147,4,118,86,4,62,10,61,377,50,91,17,18,19,199,36,15,27,16,15,289,23,88,47,45
2014/9/22,136,78,20,21,17,22,42,84,17,73,123,12,130,25,31,43,85,27,22,80,5,23,113,34,120,95,11,53,15,44,387,39,88,15,19,12,194,41,18,19,20,20,286,18,92,50,23
2014/9/29,157,73,13,26,16,14,49,105,19,43,148,15,158,9,35,38,93,33,25,75,7,13,133,10,76,98,10,46,18,41,351,43,51,25,21,21,210,53,10,32,21,19,233,29,102,50,14
2014/10/6,129,55,33,54,6,15,66,120,27,45,197,17,141,20,47,25,66,39,54,63,4,31,108,7,96,80,9,41,29,54,285,25,62,26,32,31,236,68,19,25,19,16,244,24,82,57,17
2014/10/13,116,39,19,25,14,26,43,88,13,55,128,15,162,22,37,20,93,38,72,62,2,17,67,16,105,72,22,65,20,83,201,25,44,15,32,41,182,58,13,27,30,11,158,28,81,62,26
2014/10/20,169,35,16,44,5,35,61,69,17,45,149,16,105,33,57,29,76,55,55,59,8,24,46,34,95,80,20,44,41,66,253,23,32,22,34,22,218,40,21,20,27,13,130,49,121,73,11
2014/10/27,176,47,30,23,3,92,76,112,25,78,164,39,154,50,40,16,127,58,96,65,22,26,53,37,86,127,21,82,45,92,224,39,39,66,44,56,286,52,24,32,39,17,138,51,139,102,13
2014/11/3,165,43,46,45,7,61,48,53,60,48,95,41,151,34,22,17,161,72,100,69,4,17,23,63,92,122,36,84,25,85,239,36,18,76,67,73,268,64,64,32,37,25,114,49,143,135,14
2014/11/10,201,50,70,67,1,72,66,56,98,70,98,84,174,55,35,11,226,110,109,111,20,30,19,68,115,129,26,170,63,131,259,28,13,68,63,67,353,73,55,41,59,32,104,101,243,213,21
2014/11/17,240,71,114,83,2,66,92,42,151,80,100,115,189,104,43,17,310,131,120,110,18,43,14,41,133,156,42,200,97,125,276,43,20,136,80,72,382,98,109,36,68,31,98,135,217,276,25
2014/11/24,315,54,134,84,1,79,76,32,212,104,84,105,159,110,61,5,341,151,104,116,18,27,19,32,134,187,50,213,113,104,317,29,16,132,55,97,340,119,103,36,114,32,88,144,251,376,22
2014/12/1,337,73,183,115,2,77,88,43,238,117,76,207,164,133,60,5,383,177,84,102,27,53,8,43,144,266,73,313,122,156,421,50,26,204,72,70,415,142,176,78,104,38,81,234,325,529,17
2014/12/8,404,104,222,140,1,85,111,68,280,119,82,203,174,110,62,11,422,195,72,145,42,81,22,36,147,354,80,360,132,236,621,53,40,216,66,80,472,181,146,97,97,59,89,316,468,649,30
2014/12/15,333,92,226,113,2,89,137,53,277,82,62,155,191,119,62,23,390,176,52,121,35,84,15,51,119,291,69,335,81,158,577,46,24,200,75,57,428,205,216,127,99,71,92,250,384,592,55
2014/12/22,243,76,183,84,6,53,64,58,180,93,100,141,135,84,49,28,350,116,51,101,39,60,28,33,141,214,70,253,58,126,507,56,37,165,39,28,358,203,138,93,92,53,105,254,315,393,57
2014/12/29,108,43,95,16,3,37,33,17,30,23,49,54,42,57,29,13,105,49,20,68,10,35,25,28,54,31,27,93,18,31,211,33,27,67,17,23,78,94,42,23,24,11,63,124,115,199,33
2015/1/5,179,55,93,45,0,17,49,36,87,46,55,58,65,47,47,30,150,54,11,71,20,43,40,24,84,134,22,88,17,62,383,46,28,96,8,16,164,78,61,41,31,20,126,94,213,280,45
2015/1/12,88,35,39,21,5,13,35,51,39,26,57,49,39,19,28,39,91,37,12,45,11,23,34,5,44,83,23,53,7,34,224,25,22,46,7,7,118,42,32,39,17,9,82,59,150,140,77
2015/1/19,75,54,33,26,14,27,30,56,30,38,60,49,40,24,37,36,83,34,14,52,16,31,34,9,42,103,15,47,12,38,201,49,35,31,2,24,148,32,21,48,12,23,128,77,135,128,67
2015/1/26,76,56,30,31,14,23,22,37,30,27,61,47,45,27,33,35,90,23,11,57,7,26,37,11,45,85,18,57,15,53,246,30,36,34,6,18,97,25,22,43,6,24,149,44,130,123,78
2015/2/2,39,50,13,30,16,18,12,67,21,12,50,34,40,20,35,46,68,10,2,51,6,19,45,4,27,69,17,34,5,26,252,24,36,9,6,13,100,37,13,33,6,9,161,36,110,113,41
2015/2/9,28,43,12,16,15,15,8,103,17,11,56,24,23,30,26,26,35,13,5,46,5,8,54,7,21,55,24,33,6,23,202,28,41,10,1,9,63,15,11,23,2,17,150,30,102,71,23
2015/2/16,21,47,10,14,21,20,15,83,12,10,40,20,16,31,25,36,42,7,6,42,3,10,42,1,20,51,12,29,3,23,161,33,49,8,2,9,81,13,8,19,3,23,111,20,60,69,39
2015/2/23,34,45,6,10,27,14,10,112,11,10,48,26,25,24,28,35,44,8,3,22,3,4,45,5,14,26,20,17,4,21,148,23,65,10,4,13,64,9,6,13,2,19,134,17,59,76,39
2015/3/2,30,32,18,3,43,13,9,140,9,9,49,18,16,12,13,24,33,17,1,27,5,3,48,2,18,57,16,13,7,35,104,15,41,4,3,13,53,10,11,22,4,20,157,21,62,73,28
2015/3/9,17,33,13,9,52,10,7,122,8,5,33,16,18,12,7,19,29,6,11,26,4,4,54,3,13,35,22,13,15,36,103,15,39,5,0,12,49,18,9,15,5,6,150,23,92,61,22
2015/3/16,30,26,6,4,59,8,8,85,3,4,23,6,9,1,15,20,32,7,2,27,3,6,35,1,13,30,11,15,7,19,103,20,27,1,0,11,46,17,9,19,4,6,114,11,38,76,26
2015/3/23,33,29,7,8,41,3,5,60,3,4,19,8,17,6,7,13,26,1,3,32,0,4,45,0,10,25,6,22,9,26,85,19,41,8,0,5,44,9,7,4,3,5,89,15,22,63,21
2015/3/30,14,11,9,4,45,7,7,53,4,6,8,5,6,8,8,9,19,2,4,30,2,2,42,2,12,13,8,8,5,18,81,17,23,1,0,7,41,5,11,9,4,6,76,17,22,59,14
2015/4/6,14,17,3,4,50,9,4,12,4,9,7,3,14,3,5,5,20,6,2,32,1,2,62,3,11,15,10,11,7,10,56,11,39,4,0,7,31,11,6,6,1,17,68,9,12,40,8
2015/4/13,11,27,3,5,66,6,2,37,5,3,19,2,15,8,7,4,17,1,10,19,0,3,56,3,26,18,16,11,12,11,68,5,45,1,1,7,37,5,3,5,4,2,86,22,9,48,5
2015/4/20,13,14,1,7,51,5,3,9,3,3,19,1,10,1,6,4,22,4,1,17,1,5,48,5,37,32,12,7,5,11,65,7,21,3,2,9,41,13,4,4,3,5,75,24,26,43,2
2015/4/27,12,9,1,4,51,9,3,12,5,3,5,1,7,4,7,4,15,2,1,18,2,4,44,0,22,10,6,13,2,6,46,10,16,1,3,6,16,4,3,6,2,4,47,17,9,41,2
2015/5/4,2,2,1,4,50,6,0,8,2,2,3,0,5,3,4,1,3,0,1,10,0,1,18,2,13,4,5,1,2,4,27,6,9,1,0,4,11,4,2,4,1,2,41,15,8,22,0
2015/5/11,6,2,1,1,31,4,2,10,2,2,9,0,8,0,0,0,3,1,0,22,0,0,22,0,14,15,2,0,4,6,19,3,9,1,1,5,15,1,2,4,1,0,30,7,7,29,4
2015/5/18,2,3,2,5,58,2,3,8,4,3,3,0,7,2,6,3,4,0,2,13,0,2,28,0,9,3,6,4,2,7,15,11,7,4,0,3,18,0,3,1,1,3,26,6,7,22,3
2015/5/25,4,5,2,3,69,4,0,1,6,2,4,0,2,0,12,4,5,0,1,12,0,0,15,1,5,4,8,5,6,3,14,1,9,0,2,5,15,0,1,1,1,1,30,6,5,24,4
2015/6/1,2,4,2,0,99,5,0,1,1,1,1,2,3,0,10,1,6,0,2,7,0,1,32,0,6,3,10,2,2,1,12,1,9,1,2,2,9,1,1,3,0,1,23,6,2,22,1
2015/6/8,1,3,0,1,54,4,1,3,7,0,0,0,5,0,2,1,5,1,1,13,0,0,29,0,10,2,9,5,2,5,10,3,2,1,0,1,17,0,0,4,0,6,31,7,8,24,0
2015/6/15,1,4,1,0,96,3,0,3,0,1,2,0,5,1,9,6,2,0,0,10,0,1,24,0,13,6,7,2,2,5,10,2,3,2,1,0,14,0,1,1,0,5,24,1,6,25,2
2015/6/22,5,1,0,2,84,3,1,10,3,1,1,0,2,1,2,1,4,4,0,7,0,0,31,1,3,9,6,2,3,4,12,1,2,0,0,0,9,0,0,0,0,2,22,0,2,21,0
2015/6/29,4,0,2,3,101,5,0,11,2,0,4,0,1,0,3,0,5,3,1,5,0,0,30,1,8,3,7,2,2,3,7,0,4,0,1,0,10,1,1,2,0,2,49,3,0,38,0
2015/7/6,4,0,2,5,94,12,0,13,1,0,2,0,7,1,3,0,4,2,0,10,0,0,46,1,6,5,5,8,2,3,15,5,4,0,0,2,9,0,0,0,0,0,52,1,0,32,1
2015/7/13,6,1,0,2,72,17,1,28,3,0,4,0,10,0,9,2,11,5,1,43,0,1,61,1,6,13,8,6,3,8,3,10,6,0,1,3,15,0,0,0,0,1,77,7,7,37,0
2015/7/20,7,2,0,2,71,22,1,17,3,1,2,1,6,0,9,6,7,1,0,31,0,1,68,1,3,26,6,4,0,7,3,22,6,0,1,1,23,0,0,1,4,1,130,17,14,25,1
2015/7/27,6,2,2,1,61,30,0,29,10,0,5,1,20,1,3,15,12,2,4,33,0,1,77,2,10,16,14,8,1,13,13,25,12,0,2,5,27,1,1,7,3,1,166,20,1,54,1
2015/8/3,5,2,2,5,65,38,1,33,15,1,9,1,26,4,9,8,20,2,5,49,0,2,98,2,24,28,16,7,1,9,18,33,25,0,0,6,58,10,2,5,4,3,226,27,11,36,0
2015/8/10,12,2,7,6,40,49,0,48,11,4,7,0,47,0,3,3,10,1,6,54,0,0,102,2,20,18,14,17,0,11,26,33,20,0,0,7,29,4,1,7,1,2,193,27,7,49,6
2015/8/17,9,4,5,14,46,36,2,72,30,7,8,4,44,1,15,19,10,4,7,49,0,1,82,0,45,26,9,18,1,19,42,58,30,0,0,14,64,5,3,3,1,8,224,23,9,47,1
2015/8/24,17,8,13,21,33,40,2,103,37,8,35,2,79,6,27,34,30,12,12,75,0,5,120,4,49,50,9,46,16,51,70,89,28,1,0,38,106,18,5,3,0,0,255,49,19,59,5
2015/8/31,24,11,15,36,26,44,6,94,47,14,37,3,101,6,41,23,66,25,39,84,0,8,80,4,52,70,30,40,9,49,108,98,66,4,1,55,172,31,1,16,0,2,295,44,24,78,4
2015/9/7,38,41,10,39,19,41,11,125,41,28,50,1,123,5,45,28,95,39,60,81,1,13,79,6,108,109,18,45,19,65,162,109,59,5,18,74,247,52,9,22,2,5,304,54,48,89,10
2015/9/14,53,33,8,42,22,36,29,84,76,33,49,4,124,16,91,32,76,39,75,94,2,5,76,9,151,91,41,66,20,66,177,93,52,7,29,80,342,74,9,28,9,14,273,61,51,86,8
2015/9/21,36,24,18,37,17,30,14,65,45,20,50,4,91,14,43,26,51,31,52,61,1,3,32,12,61,53,20,38,20,62,147,50,43,5,7,45,209,35,4,36,2,12,123,61,51,128,8
2015/9/28,89,32,24,34,9,38,24,83,95,22,46,16,84,18,44,25,119,38,76,70,1,5,33,11,94,130,18,70,32,66,176,21,36,14,12,46,303,54,24,22,9,21,161,77,59,155,7
2015/10/5,137,46,16,36,4,61,45,83,153,48,55,37,125,17,61,25,158,59,140,87,6,17,24,37,120,187,38,96,42,133,266,42,20,31,21,40,398,89,57,35,36,24,157,130,88,159,10
2015/10/12,154,39,40,34,6,63,60,59,148,46,51,58,107,24,60,34,151,79,139,75,10,14,20,40,143,172,35,111,56,123,340,18,27,21,17,25,363,49,64,55,27,33,151,175,81,244,20
2015/10/19,162,44,48,40,5,61,69,39,168,43,55,56,112,34,37,19,218,52,179,74,15,17,9,29,135,196,43,87,70,103,383,11,25,43,28,36,384,70,85,46,48,54,118,188,71,292,17
2015/10/26,214,34,94,52,2,71,67,25,224,44,55,93,96,29,47,20,198,88,174,62,26,18,12,63,184,213,75,87,69,141,351,6,19,57,71,50,357,61,147,64,57,69,110,237,133,364,10
2015/11/2,217,45,97,43,24,56,53,29,182,60,38,80,85,43,15,21,205,99,197,52,24,29,12,62,213,147,85,113,68,107,367,8,16,48,53,35,352,47,157,64,64,90,73,241,124,453,24
2015/11/9,258,67,135,50,10,108,85,20,166,72,38,114,137,76,22,16,250,107,161,88,40,37,11,82,173,168,65,139,72,125,536,10,23,137,77,30,310,66,163,85,129,116,78,201,163,423,26
2015/11/16,354,110,192,50,2,118,137,23,145,112,63,138,206,136,24,18,291,119,135,92,26,67,5,101,157,190,84,117,102,137,580,11,16,214,148,64,335,63,216,126,128,146,133,257,266,499,34
2015/11/23,355,142,191,62,6,89,133,29,151,157,63,116,209,158,23,15,274,139,117,153,40,76,8,96,133,157,54,139,92,118,724,12,17,191,155,45,310,85,156,112,127,147,116,226,236,392,52
2015/11/30,430,173,170,64,2,69,151,61,108,171,81,138,173,218,21,28,394,149,85,156,51,100,8,75,154,226,64,169,108,106,809,20,28,213,137,71,350,74,158,157,101,115,157,198,380,363,77
2015/12/7,460,189,176,80,3,63,141,66,126,169,123,153,136,229,22,32,324,164,44,153,65,83,14,72,122,228,73,209,67,147,736,15,44,280,100,91,356,90,121,180,95,91,210,167,517,322,121
2015/12/14,412,228,144,103,4,58,162,72,99,102,120,135,127,166,21,25,302,146,44,169,65,72,28,52,110,220,71,207,81,120,786,17,43,264,82,73,276,123,100,170,103,60,206,143,461,278,83
2015/12/21,345,167,139,75,0,55,120,75,89,90,135,99,108,118,29,39,241,137,30,183,45,80,22,33,109,148,45,145,36,105,562,20,63,218,41,49,277,78,67,126,52,43,200,69,479,252,118
2015/12/28,202,107,71,50,3,28,61,47,42,67,95,29,65,71,20,16,85,85,17,151,26,47,27,20,40,44,27,67,12,54,259,15,59,109,26,36,113,56,36,53,23,23,135,68,258,142,86
2016/1/4,268,114,55,66,6,33,46,54,47,52,84,43,76,47,28,37,107,74,16,151,21,64,45,9,67,95,31,87,10,65,351,32,51,117,21,47,154,67,33,86,21,32,181,51,269,147,72
2016/1/11,127,51,29,24,5,15,35,67,28,29,99,28,50,39,21,34,85,53,7,83,13,32,53,4,36,75,13,41,2,53,179,25,67,89,8,26,88,67,18,48,9,15,130,26,138,91,40
2016/1/18,109,44,14,37,10,22,21,68,42,18,104,26,37,26,56,32,65,39,2,77,11,24,81,7,35,42,9,68,3,39,173,38,69,47,10,29,112,65,9,25,5,9,144,37,139,100,32
2016/1/25,108,53,16,16,19,10,28,52,32,14,80,17,44,19,45,27,58,45,2,81,7,16,111,7,21,56,12,71,2,43,121,32,55,31,6,24,127,53,12,21,5,8,119,19,87,77,32
2016/2/1,58,39,9,13,17,13,10,56,19,13,64,26,33,6,47,32,27,36,1,35,9,13,113,5,27,42,3,45,4,29,112,47,61,22,3,15,67,53,13,12,2,7,139,21,53,78,27
2016/2/8,45,30,7,15,18,14,9,72,18,9,52,11,20,4,58,15,23,25,3,36,7,16,92,11,22,38,4,35,0,17,77,51,39,14,1,13,45,68,11,11,5,3,93,20,38,71,22
2016/2/15,36,22,14,17,26,13,5,49,5,9,58,8,23,3,57,15,25,24,0,50,3,4,87,3,20,45,1,21,1,23,71,28,28,11,1,7,32,51,6,15,3,3,116,11,54,46,21
2016/2/22,27,20,6,22,35,5,4,72,13,7,47,5,23,4,47,13,9,15,1,39,5,2,77,1,7,32,0,21,2,15,50,61,33,9,1,11,32,34,1,9,1,2,125,12,30,36,9
2016/2/29,42,18,5,16,40,5,11,47,13,7,37,6,21,0,36,27,14,16,1,47,6,1,81,0,18,24,4,12,0,6,47,57,39,6,1,3,33,21,5,12,6,1,102,17,23,37,9
2016/3/7,29,25,8,12,37,7,9,30,6,8,40,7,29,1,24,15,13,8,2,43,2,1,74,5,9,33,3,8,0,7,55,43,32,7,1,7,25,10,1,6,4,1,119,16,18,26,5
2016/3/14,32,16,7,8,37,5,10,32,3,7,39,5,17,4,28,21,11,10,1,39,5,1,59,0,15,23,4,13,0,6,43,45,25,5,2,3,25,16,0,3,0,0,101,7,13,33,3
2016/3/21,24,9,2,9,42,3,5,28,2,4,14,1,16,5,19,16,9,10,0,23,3,1,51,0,5,14,0,12,1,5,29,28,21,5,3,3,25,16,0,6,5,2,106,6,13,21,2
2016/3/28,21,9,3,3,68,2,4,17,4,3,11,1,8,2,20,22,6,9,1,11,0,1,41,1,7,17,1,10,0,8,32,33,12,2,0,3,13,8,2,5,1,1,104,2,19,16,9
2016/4/4,12,4,3,5,47,4,5,21,4,6,5,0,8,0,15,16,9,2,0,18,0,0,35,0,7,14,0,13,2,4,29,14,11,2,0,4,17,4,2,3,3,1,78,4,12,7,6
2016/4/11,21,2,1,5,70,4,3,26,6,9,7,0,20,1,29,32,11,5,1,28,0,0,45,0,4,17,1,16,2,8,34,25,18,2,0,9,34,7,1,4,0,3,85,11,12,8,6
2016/4/18,17,5,3,6,85,4,1,13,4,7,8,0,10,1,10,16,6,4,1,11,0,1,38,2,14,17,5,17,0,8,30,15,14,2,0,2,37,11,1,5,0,1,101,12,16,12,13
2016/4/25,17,2,5,4,92,4,3,13,5,1,5,0,21,0,14,4,6,4,1,3,0,0,34,1,14,15,6,8,1,5,27,13,9,4,0,3,21,8,2,2,0,1,75,3,14,12,5
2016/5/2,10,1,4,6,82,3,1,11,0,7,1,0,9,0,5,5,6,2,1,6,0,0,22,3,3,2,2,8,0,4,21,7,9,1,0,1,7,0,0,1,1,0,62,4,12,11,8
2016/5/9,13,0,1,2,67,2,1,4,5,0,7,1,12,0,8,6,9,1,1,2,0,0,29,2,10,3,0,1,1,10,22,5,3,1,0,0,14,1,0,0,0,0,60,0,5,13,4
2016/5/16,8,0,2,4,46,1,0,8,2,1,13,1,9,2,3,3,6,7,3,6,3,0,21,0,2,4,3,7,0,4,20,3,2,1,0,1,15,1,0,1,7,0,51,4,10,26,1
2016/5/23,17,3,2,3,70,0,2,17,2,2,7,0,15,0,5,1,7,6,0,4,1,0,20,3,7,11,1,7,0,5,12,4,0,0,0,0,25,2,0,3,3,0,48,6,1,20,0
2016/5/30,13,0,2,3,61,0,0,10,5,2,5,0,9,0,0,1,6,3,0,3,0,0,21,0,5,5,2,2,1,3,9,1,2,0,0,2,12,0,3,1,4,2,32,10,5,23,0
2016/6/6,8,1,3,1,57,2,1,6,3,4,3,0,10,0,1,2,8,6,0,3,0,0,18,1,9,15,2,1,0,3,15,3,1,0,0,0,27,0,0,2,4,0,32,10,2,15,1
2016/6/13,3,1,2,1,74,1,0,6,2,0,3,2,11,0,3,2,5,1,0,8,0,0,24,0,8,7,0,2,0,3,15,1,3,0,0,0,11,2,1,2,1,1,28,9,2,17,0
2016/6/20,16,1,3,2,71,0,0,6,3,3,11,1,19,0,2,1,10,3,0,3,0,0,31,1,10,14,8,5,2,4,17,0,3,1,0,1,32,0,6,0,1,1,23,7,2,40,2
2016/6/27,8,2,1,0,62,1,0,6,3,0,4,0,6,0,3,4,12,6,0,7,1,0,42,2,8,10,2,2,0,7,22,1,7,1,0,1,32,0,0,2,0,0,42,10,2,47,2
2016/7/4,5,0,2,4,59,2,3,29,1,1,7,1,15,2,1,2,11,7,0,12,0,0,28,2,9,15,10,4,0,11,24,1,7,0,2,0,25,0,1,0,4,0,44,6,5,70,0
2016/7/11,11,0,5,3,76,3,0,31,11,2,6,6,23,5,2,0,14,6,1,13,0,1,41,0,21,27,5,8,0,15,64,2,4,0,0,0,36,0,1,1,4,1,114,10,12,47,0
2016/7/18,9,0,4,1,43,0,0,22,7,0,5,5,20,1,2,2,31,10,5,19,0,3,38,0,23,17,6,5,0,21,74,1,2,2,0,0,42,0,2,0,4,0,107,7,14,74,4
2016/7/25,6,2,4,0,38,5,1,36,13,0,30,4,32,1,2,2,31,9,8,20,1,2,61,0,20,29,7,1,2,33,79,4,7,1,0,1,66,3,0,5,4,1,169,14,15,64,2
2016/8/1,16,3,2,0,36,2,1,28,16,1,40,9,43,4,6,6,49,10,17,44,5,1,65,0,28,51,14,6,4,34,87,3,15,0,2,1,93,3,6,18,3,0,180,21,22,83,4
2016/8/8,18,7,3,0,29,5,3,40,8,2,24,9,48,5,8,14,32,13,14,34,0,4,40,0,29,50,6,8,6,22,71,8,20,5,1,0,103,5,3,17,8,7,150,21,43,99,10
2016/8/15,18,5,10,9,26,11,5,34,9,9,44,31,36,4,11,5,38,22,20,33,0,4,43,1,47,50,13,22,9,28,132,6,31,0,2,14,98,10,4,13,11,2,112,23,30,76,9
2016/8/22,20,11,24,8,6,38,8,65,45,12,56,33,60,9,10,9,59,30,21,38,2,5,46,3,78,107,47,19,16,62,112,8,36,4,4,7,171,11,9,8,11,5,97,42,47,110,3
2016/8/29,40,22,35,13,5,93,9,89,79,38,83,98,79,14,18,7,95,49,56,57,1,13,45,8,126,156,69,34,36,132,190,9,29,8,5,7,312,28,27,24,43,10,135,71,61,159,8
2016/9/5,46,25,52,29,11,87,22,92,96,45,56,124,74,15,6,7,165,46,35,39,10,7,36,10,200,237,56,67,48,185,237,16,30,15,20,26,449,48,51,21,51,11,96,90,85,155,18
2016/9/12,107,38,93,38,3,105,24,102,130,44,91,136,109,38,15,14,254,63,104,62,33,14,33,16,290,382,80,67,82,224,248,15,28,16,21,40,576,71,77,66,35,38,134,108,101,171,22
2016/9/19,123,37,97,46,10,74,23,65,138,55,56,98,69,37,17,14,243,77,87,68,17,11,24,27,268,323,55,96,69,227,253,28,31,18,17,26,511,51,76,52,35,25,125,87,116,182,20
2016/9/26,212,51,136,64,7,86,28,78,229,81,106,156,75,40,31,20,309,67,101,72,26,15,19,44,256,373,60,118,152,308,349,66,41,38,22,38,665,58,103,44,67,46,130,122,139,169,46
2016/10/3,309,106,157,106,12,94,48,110,249,95,150,150,110,71,44,38,445,125,206,148,35,14,30,77,291,382,76,171,161,270,559,99,52,63,52,82,723,101,146,75,90,73,213,200,209,206,50
2016/10/10,319,102,138,127,6,105,85,104,192,91,97,95,117,55,45,32,341,97,173,142,49,11,32,65,241,294,61,168,108,201,553,71,47,63,50,78,527,109,133,81,87,69,212,156,188,202,59
2016/10/17,330,95,135,93,3,105,68,50,182,79,100,95,100,56,49,32,310,105,154,93,67,29,30,73,216,238,43,174,81,152,579,105,33,75,61,81,436,78,102,54,70,65,258,201,186,224,44
2016/10/24,282,132,106,70,11,69,67,61,141,86,107,66,98,53,45,31,263,81,126,95,46,20,30,61,185,160,37,158,79,112,434,97,54,81,64,98,302,116,82,72,52,66,242,162,200,213,60
2016/10/31,267,87,80,56,4,48,62,40,108,83,63,43,77,54,28,29,161,69,98,80,32,24,23,47,141,114,38,134,44,81,386,73,32,73,49,80,155,115,58,70,38,96,208,136,178,203,48
2016/11/7,245,50,72,54,3,49,40,17,62,87,80,34,61,42,31,26,114,40,92,53,35,30,20,46,124,83,55,101,32,63,384,73,30,62,67,69,142,103,81,50,41,76,182,156,170,200,47
2016/11/14,228,72,52,41,5,45,65,24,48,86,63,21,65,40,27,34,73,33,73,59,25,28,42,44,125,57,41,116,22,32,331,62,24,95,59,56,134,86,48,61,50,53,168,133,201,219,33
2016/11/21,195,73,30,34,5,43,68,18,39,57,60,20,82,41,21,26,58,51,38,69,26,52,15,39,83,51,29,94,16,38,383,56,47,114,52,40,85,112,32,44,37,59,146,115,177,202,50
2016/11/28,163,63,27,48,3,27,44,27,38,57,76,13,92,43,31,37,99,52,38,75,17,40,22,27,80,58,29,70,14,26,334,56,30,130,49,30,76,74,47,66,30,28,116,89,168,237,58
2016/12/5,171,40,27,25,7,23,58,22,27,60,103,37,58,61,42,57,62,36,33,101,10,38,37,20,80,45,15,68,22,35,303,59,36,112,39,13,82,67,53,58,26,28,140,89,166,211,48
2016/12/12,140,40,23,26,1,17,50,20,14,38,61,22,45,34,30,49,66,33,31,84,13,24,35,18,71,40,27,50,18,28,270,39,46,80,34,15,53,52,50,47,27,28,125,61,178,184,70
2016/12/19,102,43,19,34,1,23,38,30,24,28,39,17,70,31,29,41,36,40,21,67,13,31,46,21,67,39,17,32,9,27,251,28,25,59,11,13,57,62,36,54,27,20,112,47,162,158,60
2016/12/26,73,55,18,32,2,14,40,22,20,15,55,13,68,21,40,27,45,34,9,67,11,17,28,9,48,29,9,26,5,26,193,45,33,33,9,10,26,48,19,39,20,13,96,51,139,139,59
2017/1/2,81,16,18,17,6,6,18,23,11,13,34,10,42,17,24,12,22,39,1,40,5,22,35,5,30,27,8,44,3,19,150,22,23,32,15,13,19,33,6,28,30,8,100,40,84,111,37
2017/1/9,54,23,10,25,8,6,14,23,10,12,19,9,27,13,23,37,32,35,5,34,5,10,32,9,35,27,11,27,0,16,126,15,20,25,3,8,23,28,8,26,24,7,89,14,75,80,14
2017/1/16,50,20,16,14,9,8,13,35,9,7,25,22,56,10,25,22,25,34,7,43,3,16,34,14,35,25,5,23,4,9,128,14,12,15,2,7,38,29,8,45,36,5,69,26,80,65,18
2017/1/23,49,15,7,24,11,14,5,27,10,15,9,7,36,10,10,26,29,30,5,34,3,12,41,15,20,25,10,25,2,15,138,7,22,20,5,8,24,25,5,27,45,8,90,13,60,67,16
2017/1/30,47,12,12,20,18,5,21,29,10,6,24,9,34,16,20,19,20,27,6,18,2,8,38,14,11,29,6,20,6,15,114,21,12,23,4,9,36,23,3,34,22,8,58,17,67,64,10
2017/2/6,36,16,3,12,8,1,16,16,9,9,16,4,29,22,16,19,25,20,2,19,2,6,42,8,12,23,8,6,6,19,66,12,3,15,1,2,22,4,10,16,26,4,50,8,49,55,15
2017/2/13,31,27,6,8,10,3,21,16,10,8,13,5,30,7,16,9,21,31,2,25,0,6,43,2,14,17,4,14,4,13,102,4,11,18,1,5,28,4,8,28,13,5,51,6,48,65,14
2017/2/20,21,8,4,10,10,5,9,20,10,3,12,7,16,4,9,1,22,24,2,21,1,18,62,1,15,15,2,19,1,11,75,3,10,3,2,1,26,14,5,16,19,6,44,7,43,33,4
2017/2/27,29,5,15,1,27,3,4,23,3,4,9,5,17,9,15,7,16,21,1,21,0,7,51,7,12,14,4,4,7,14,68,1,14,5,0,1,24,12,6,29,29,3,46,19,34,46,3
2017/3/6,29,3,9,7,27,3,6,36,5,6,13,6,19,11,9,4,20,17,7,24,0,9,55,7,10,18,0,11,5,16,93,4,12,7,0,3,29,8,5,11,23,3,55,10,41,33,8
2017/3/13,15,4,9,7,30,5,9,23,7,5,11,2,14,6,3,3,12,18,11,16,1,11,60,3,9,29,3,11,12,17,89,2,11,3,2,1,36,4,5,23,12,3,44,7,37,34,11
2017/3/20,20,5,3,3,39,6,10,15,8,4,3,3,19,8,2,6,19,19,7,19,1,3,31,2,10,14,1,9,7,12,79,4,8,3,0,1,26,3,3,18,5,1,36,5,34,30,13
2017/3/27,19,2,8,1,33,3,7,19,7,6,10,4,14,6,6,4,18,18,2,19,0,3,55,5,6,16,6,7,21,23,59,0,19,1,0,0,34,5,3,22,6,1,48,8,26,58,10
2017/4/3,23,0,7,2,60,6,5,23,11,7,8,0,12,6,7,7,16,14,6,15,0,2,35,7,10,16,11,5,11,12,64,1,5,5,1,1,27,11,5,30,7,1,40,8,20,42,7
2017/4/10,42,7,4,10,65,4,8,19,18,4,3,3,15,7,13,5,19,18,11,40,2,2,50,5,10,34,1,10,7,17,65,4,9,3,0,0,62,12,5,36,3,0,47,12,45,57,4
2017/4/17,34,12,5,3,117,10,10,18,15,6,4,3,14,8,10,6,16,12,13,30,1,3,40,4,15,40,6,7,7,25,95,5,23,3,2,3,72,11,5,28,12,3,53,8,55,72,4
2017/4/24,23,10,6,3,97,9,7,18,12,24,1,3,15,6,4,0,29,18,18,19,0,3,40,5,9,41,6,11,7,18,80,1,7,4,0,1,70,14,5,13,14,3,54,17,43,78,14
2017/5/1,26,1,4,3,71,3,6,3,5,8,2,9,22,6,3,3,26,16,9,12,0,6,23,2,13,16,2,6,1,12,65,3,4,0,1,0,53,7,2,8,16,2,29,4,20,51,8
2017/5/8,40,1,8,2,60,4,4,3,21,4,4,11,5,13,5,4,21,10,9,10,0,5,21,0,12,26,2,7,3,8,69,4,4,4,1,3,40,10,2,4,16,0,43,16,22,75,0
2017/5/15,15,3,3,1,97,6,4,0,11,7,3,4,3,17,2,3,28,15,5,15,0,2,16,1,12,22,4,2,6,18,67,5,8,7,1,0,52,2,2,13,13,0,46,8,58,126,4
2017/5/22,20,3,6,4,96,3,1,1,16,2,1,3,4,12,0,9,20,8,5,7,0,2,15,0,29,28,3,5,9,11,54,2,5,9,4,1,56,5,14,5,10,0,39,16,17,132,6
2017/5/29,29,1,9,2,87,11,6,8,19,6,3,8,4,6,0,5,28,8,6,8,0,0,19,2,17,27,3,5,4,21,37,1,5,3,2,3,63,6,15,6,11,1,27,34,8,143,9
2017/6/5,39,1,4,3,109,2,4,4,22,3,0,9,5,8,0,3,39,3,3,11,0,0,20,1,25,44,3,5,2,20,36,1,2,5,3,0,59,3,5,7,8,0,25,32,24,180,5
2017/6/12,11,1,7,2,96,6,2,3,17,3,7,10,4,8,1,1,37,4,3,5,0,2,18,0,51,54,12,7,7,21,40,0,0,3,6,1,62,4,4,6,5,1,21,52,14,238,6
2017/6/19,14,1,2,3,115,6,5,2,31,3,0,12,0,7,1,2,32,7,1,3,1,2,20,0,51,45,6,10,1,28,31,0,1,6,1,0,58,4,11,6,14,1,15,41,9,170,5
2017/6/26,15,5,14,3,124,11,3,7,57,7,0,10,5,4,0,0,38,3,1,4,2,0,29,0,29,69,7,10,0,27,45,1,2,6,2,0,76,3,10,6,9,0,14,42,5,136,12
2017/7/3,37,12,19,0,134,28,5,13,56,6,2,5,6,3,2,0,60,3,4,2,0,2,29,0,52,125,21,16,0,23,60,2,1,5,4,1,116,0,3,9,7,1,23,50,11,196,25
2017/7/10,59,16,26,0,134,31,1,8,63,11,15,19,11,2,2,6,81,8,7,33,2,7,46,0,67,235,14,17,0,32,141,7,16,3,10,0,178,1,21,6,10,2,71,70,20,251,18
2017/7/17,67,39,38,0,98,40,5,14,65,16,17,11,10,2,9,4,169,6,16,45,0,8,75,0,65,250,24,31,4,69,191,15,43,4,11,0,223,8,16,12,27,0,120,81,22,239,30
2017/7/24,96,69,37,1,76,54,15,17,105,24,31,16,39,11,12,4,233,22,15,83,0,3,99,1,102,388,29,61,12,100,284,19,48,18,47,1,405,13,20,30,17,8,219,139,49,203,31
2017/7/31,175,120,48,2,67,100,28,34,158,51,46,36,93,12,20,10,310,53,35,98,2,4,163,11,152,519,45,90,51,161,400,30,64,18,61,2,583,29,19,38,30,30,374,189,78,245,50
2017/8/7,244,129,79,3,54,85,59,70,112,61,42,60,77,20,26,20,298,58,43,125,5,15,157,16,167,501,36,157,55,127,364,42,94,12,62,11,482,46,44,31,47,56,286,171,94,167,46
2017/8/14,262,122,118,39,40,82,91,69,101,35,59,57,84,39,31,11,331,87,74,108,14,29,161,40,218,364,42,154,69,129,495,56,90,20,49,14,454,57,48,70,47,68,320,174,123,200,44
2017/8/21,250,149,103,32,37,77,104,89,175,65,116,103,141,61,74,23,405,87,128,121,28,27,157,61,242,425,44,182,103,225,534,69,143,49,35,37,597,106,43,42,79,81,417,153,208,121,53
2017/8/28,387,216,165,92,25,122,148,207,238,140,256,225,199,86,111,38,505,150,253,143,77,37,267,99,340,467,84,246,169,313,782,104,318,87,61,95,820,184,124,97,138,137,635,186,392,167,57
2017/9/4,448,211,197,106,18,127,140,185,187,179,298,200,235,59,122,43,482,176,237,141,72,61,201,94,314,418,87,335,213,248,728,104,240,93,59,144,786,154,185,88,139,176,586,168,364,202,73
2017/9/11,487,226,165,153,29,88,177,234,170,205,345,207,296,94,186,59,445,222,180,219,51,62,165,118,348,310,92,365,186,232,746,105,251,103,94,158,655,213,178,124,131,128,662,204,410,150,72
2017/9/18,350,178,126,131,11,66,117,204,98,139,317,150,225,73,202,78,337,192,148,144,59,41,144,59,241,182,68,256,109,208,521,91,234,85,49,119,441,164,113,99,73,116,489,119,340,119,43
2017/9/25,341,172,110,115,20,62,120,204,99,152,364,132,224,86,150,88,248,121,102,160,47,42,113,50,207,190,37,219,73,233,474,88,182,75,54,99,381,151,111,84,54,77,452,125,324,154,40
2017/10/2,241,109,99,130,15,56,70,156,64,129,338,92,232,103,123,84,175,127,93,123,26,26,101,48,170,149,64,175,65,212,453,79,117,82,36,82,279,120,82,92,39,56,441,94,323,151,34
2017/10/9,185,61,67,111,10,40,55,93,57,99,201,63,187,72,75,59,149,96,63,89,16,26,90,50,147,99,47,120,67,128,353,52,58,72,27,53,197,73,96,61,25,48,368,70,259,133,36
2017/10/16,234,34,50,103,18,44,57,62,58,79,172,46,153,67,84,51,87,82,44,84,36,24,90,42,110,84,47,103,44,116,266,59,45,55,31,55,132,54,63,63,20,41,345,55,243,98,58
2017/10/23,243,60,71,94,18,40,58,40,53,63,148,38,171,60,100,71,101,77,35,94,31,24,86,39,103,82,48,110,39,101,306,49,49,70,35,78,131,71,76,47,18,43,289,54,289,123,57
2017/10/30,189,35,48,75,13,27,37,39,29,75,94,36,120,59,48,44,101,63,28,60,19,13,37,28,78,73,35,69,30,59,254,32,23,45,21,35,117,53,40,86,22,34,191,45,222,120,32
2017/11/6,165,28,27,84,10,29,35,38,39,55,55,21,122,56,37,56,78,69,27,65,9,23,51,31,63,61,33,73,21,50,268,28,14,68,32,26,85,38,38,68,16,27,152,52,195,126,44
2017/11/13,125,35,36,44,7,30,36,18,45,36,31,23,97,56,35,36,67,63,23,59,16,33,38,29,58,57,32,44,11,44,217,26,18,65,14,17,82,33,30,76,16,22,101,46,201,111,45
2017/11/20,102,25,22,37,13,13,36,30,43,51,24,20,58,49,26,36,55,53,22,66,13,20,19,10,49,82,35,66,9,47,249,34,15,70,8,11,69,28,50,73,8,15,80,43,208,110,38
2017/11/27,101,37,38,33,5,18,35,39,39,41,23,35,58,58,25,27,44,42,21,82,21,39,17,15,58,58,13,62,8,44,281,26,5,95,11,16,76,30,25,78,21,19,73,30,252,95,40
2017/12/4,123,24,39,41,5,18,28,46,57,43,19,27,58,30,22,12,64,47,35,95,22,16,24,19,53,63,39,47,9,55,326,28,8,121,12,9,103,39,21,109,15,20,65,53,208,91,44
2017/12/11,84,21,41,21,5,20,22,37,62,22,19,36,55,32,22,13,46,45,31,78,21,23,28,14,55,52,30,53,7,53,311,26,10,92,6,14,88,35,33,122,15,19,65,32,191,128,31
2017/12/18,88,19,53,15,10,35,29,42,42,34,25,29,30,46,15,12,74,49,25,85,10,27,30,25,44,55,29,47,9,44,292,13,9,74,18,19,103,22,48,76,23,23,70,25,215,172,37
2017/12/25,78,22,49,22,12,30,22,36,49,34,30,29,41,20,23,10,81,39,22,84,15,29,45,14,53,50,27,38,6,37,205,23,15,71,11,12,89,35,35,63,13,8,78,48,179,160,40
2018/1/1,52,8,37,14,7,26,21,21,35,31,9,9,24,16,16,15,50,20,19,55,9,15,32,13,24,21,14,36,7,26,185,22,6,40,3,12,54,15,20,50,14,6,23,38,79,89,19
2018/1/8,62,12,35,16,9,30,19,32,42,23,10,20,27,17,13,9,54,29,17,58,4,16,32,8,24,39,13,32,7,43,170,8,11,28,11,7,51,16,18,26,11,10,39,26,118,90,21
2018/1/15,63,23,39,13,13,36,8,39,44,14,13,15,31,5,10,9,70,36,17,79,13,5,51,14,43,33,11,18,10,28,129,17,11,26,2,2,70,15,12,13,21,3,63,45,88,149,20
2018/1/22,68,17,27,17,10,16,17,39,36,28,20,10,22,12,8,17,53,44,28,70,9,8,52,19,37,42,8,24,29,34,125,16,14,26,1,6,87,14,21,23,11,6,95,26,85,179,8
2018/1/29,56,16,19,12,9,17,25,33,29,13,27,17,23,8,16,12,56,36,14,49,6,6,60,14,18,43,8,19,12,30,123,22,17,24,3,4,83,30,14,14,16,8,76,25,68,176,14
2018/2/5,62,13,18,4,17,10,16,34,25,18,21,11,19,16,12,9,64,25,14,34,3,10,40,14,9,43,8,21,17,36,99,12,4,12,3,1,68,30,11,14,15,10,83,35,83,139,11
2018/2/12,42,27,16,12,22,13,4,19,28,14,17,10,23,16,10,18,65,22,8,20,2,9,33,5,21,38,8,21,10,31,100,13,15,9,1,3,57,24,12,16,14,4,75,39,60,104,7
2018/2/19,44,20,22,4,9,13,5,34,27,8,22,9,25,9,11,7,60,27,6,27,1,11,36,7,27,51,4,33,9,22,111,6,9,12,0,4,55,15,9,20,18,7,110,20,46,100,9
2018/2/26,34,20,11,3,23,8,8,15,23,17,29,10,35,6,10,5,67,19,3,42,2,8,46,7,26,52,7,19,5,23,109,9,29,12,2,5,75,17,12,7,24,6,100,35,55,106,5
2018/3/5,33,22,12,8,56,5,6,35,11,16,29,11,21,9,6,8,72,17,5,60,1,8,78,5,19,53,6,27,6,22,116,13,21,8,1,6,57,16,9,5,27,10,123,24,44,122,13
2018/3/12,32,17,5,6,47,12,15,36,22,12,33,15,35,6,12,2,74,24,4,60,1,8,62,8,22,57,5,37,11,20,113,8,19,10,10,9,100,13,8,9,17,12,135,36,49,132,12
2018/3/19,30,11,8,2,43,14,12,27,38,9,18,14,24,7,12,4,60,21,9,21,2,4,64,3,18,50,10,28,19,23,90,14,20,18,7,10,77,9,5,19,14,10,119,34,33,118,6
2018/3/26,32,22,12,2,62,7,16,48,27,9,14,9,28,5,7,6,46,22,8,23,2,0,55,1,23,57,3,33,27,22,70,11,18,6,6,6,67,15,7,10,13,9,101,31,37,97,7
2018/4/2,23,31,8,3,50,4,7,34,27,8,16,15,22,6,8,4,55,7,23,25,2,4,23,3,30,35,13,15,10,32,84,6,17,8,3,7,54,18,13,4,9,5,82,29,23,92,4
2018/4/9,30,36,12,4,60,7,10,40,37,7,22,10,24,0,10,9,53,10,29,20,0,6,36,8,67,45,7,21,12,30,108,5,18,14,3,10,90,11,7,3,28,11,100,51,22,135,1
2018/4/16,37,22,21,4,86,13,9,20,31,7,7,6,16,6,4,0,57,10,36,15,5,11,35,4,69,46,8,27,13,21,92,16,22,8,8,5,90,18,8,3,17,14,86,50,27,168,7
2018/4/23,41,16,10,3,91,9,5,21,36,6,16,16,16,6,4,2,54,9,21,25,0,7,29,4,69,39,9,30,6,27,81,11,22,5,7,8,74,11,16,3,5,8,71,52,28,151,4
2018/4/30,25,9,9,1,78,4,3,14,18,3,10,9,15,3,1,1,30,9,10,9,1,1,7,1,37,27,5,11,1,9,44,8,13,5,9,8,41,8,4,3,3,8,42,41,18,85,2
2018/5/7,28,17,12,2,81,11,1,10,27,11,3,6,12,2,5,4,33,7,9,20,0,6,13,6,53,24,6,11,3,11,31,6,4,1,9,7,33,14,5,1,5,5,71,33,11,130,3
2018/5/14,24,25,4,3,63,8,3,9,42,4,14,14,18,2,8,6,28,10,8,25,1,2,6,12,63,41,8,12,5,27,54,7,3,6,11,6,71,11,9,0,15,8,50,45,27,132,1
2018/5/21,33,15,3,9,116,8,9,9,47,10,7,11,20,3,2,9,17,13,8,29,0,3,7,7,67,30,4,14,4,12,44,6,4,2,4,9,46,11,15,2,10,9,57,43,18,143,0
2018/5/28,28,10,7,4,120,11,5,16,34,18,3,7,15,4,1,3,32,15,12,24,1,1,5,12,81,35,8,10,2,16,37,8,7,3,3,8,46,4,13,1,14,5,47,36,14,121,4
2018/6/4,18,7,10,4,124,16,5,11,38,13,10,7,19,5,0,10,31,8,12,41,0,1,19,10,58,34,9,5,4,18,45,8,15,8,5,9,51,2,15,1,11,14,51,30,14,117,1
2018/6/11,34,5,2,5,155,16,8,13,57,5,3,11,15,3,0,8,58,13,6,45,0,0,19,6,58,53,7,12,4,26,59,5,26,5,3,14,62,21,11,1,7,4,68,27,24,74,2
2018/6/18,27,8,5,6,154,21,8,12,40,15,2,12,20,0,4,7,48,12,16,35,2,1,11,3,66,48,7,27,5,27,66,8,23,1,6,19,82,17,18,4,5,10,65,36,23,98,0
2018/6/25,43,10,9,4,138,13,1,14,48,13,7,15,43,2,2,9,56,24,9,43,4,0,23,3,55,77,13,16,14,37,72,11,19,1,5,6,96,14,17,7,6,2,82,51,24,84,5
2018/7/2,39,6,8,2,149,13,7,17,42,9,16,8,30,7,1,12,62,27,2,76,1,1,17,2,58,90,26,31,19,41,122,22,30,5,7,5,90,23,14,5,11,7,121,68,36,73,9
2018/7/9,70,29,12,11,145,37,29,44,70,19,25,9,48,16,1,28,66,41,0,63,3,2,50,23,98,133,22,45,17,65,183,31,48,5,2,12,151,45,20,10,12,5,205,84,64,77,19
2018/7/16,79,27,18,13,109,40,17,71,72,21,23,9,49,11,3,22,87,45,7,56,2,3,89,23,95,119,32,42,23,100,230,46,59,5,4,8,179,43,21,12,5,7,216,84,60,84,18
2018/7/23,139,23,25,21,73,65,27,70,69,40,41,12,79,10,2,26,91,67,5,61,3,4,132,24,93,224,17,60,23,136,302,60,75,3,7,20,245,46,28,7,5,20,289,79,100,77,32
2018/7/30,211,59,47,57,74,68,42,108,108,68,82,40,99,31,10,36,122,90,21,79,4,8,125,32,147,295,26,93,16,144,413,92,102,8,17,34,372,65,37,12,6,28,337,56,134,71,54
2018/8/6,206,77,48,51,66,70,39,139,90,44,87,27,74,35,18,52,133,96,11,90,1,9,170,22,134,253,33,101,31,154,392,87,95,12,19,32,379,56,53,22,12,43,206,66,116,49,90
2018/8/13,239,120,50,63,47,46,51,131,63,65,115,22,73,39,22,25,122,103,26,93,7,16,162,24,106,204,39,109,26,117,351,110,105,16,15,44,317,76,41,58,17,42,221,100,123,71,72
2018/8/20,222,125,60,71,26,60,58,146,68,57,107,31,78,49,25,50,142,79,25,80,12,13,155,27,90,223,31,109,45,129,338,87,97,18,18,35,378,93,26,61,19,31,229,68,154,89,57
2018/8/27,283,191,70,119,37,67,98,216,137,117,166,77,163,116,51,118,257,149,87,116,9,14,233,65,149,348,49,193,51,161,555,105,158,45,30,53,509,82,55,108,51,47,367,107,227,120,83
2018/9/3,303,185,97,95,16,67,104,211,146,181,161,107,142,116,93,123,283,147,110,135,48,32,292,67,226,325,45,217,99,171,697,71,158,62,48,72,544,103,82,133,64,63,378,187,316,107,114
2018/9/10,342,202,135,125,20,58,108,206,146,187,209,118,114,157,120,126,259,168,167,140,66,24,282,80,185,286,55,220,117,193,662,113,122,62,35,58,549,128,81,165,88,60,273,185,301,139,76
2018/9/17,391,131,108,112,21,34,111,172,71,156,171,96,119,156,128,69,295,171,135,137,74,44,221,59,146,172,50,170,103,150,598,48,90,58,47,53,362,125,87,168,87,43,278,117,287,91,93
2018/9/24,330,118,129,76,20,32,81,131,54,111,125,65,111,98,97,78,211,129,126,106,68,52,137,38,102,154,29,164,75,99,504,52,53,57,45,33,313,96,83,105,69,58,257,103,252,81,71
2018/10/1,258,84,104,49,13,61,63,87,70,85,107,105,83,93,103,47,289,124,97,78,58,63,99,40,104,162,25,181,64,120,483,41,42,64,36,29,336,63,89,108,99,38,177,76,209,108,51
2018/10/8,173,50,103,39,8,53,53,55,42,67,94,91,89,46,77,47,186,78,70,85,37,35,42,23,77,116,23,124,67,93,298,20,22,67,23,23,248,40,58,75,48,38,137,68,162,104,41
2018/10/15,143,37,89,42,5,49,29,43,27,48,69,67,79,25,62,40,150,55,47,65,25,29,45,16,75,100,25,82,60,72,261,20,25,79,26,10,228,56,55,74,52,38,99,72,151,108,33
2018/10/22,119,40,77,29,3,49,28,31,24,42,53,64,70,19,27,27,146,42,60,46,22,26,53,17,51,75,32,81,50,45,248,14,15,93,21,18,168,37,51,54,61,27,84,89,131,171,26
2018/10/29,80,24,46,11,1,49,29,11,31,36,41,52,43,10,11,11,108,22,64,28,26,20,22,12,36,65,27,50,28,28,155,14,5,65,13,20,108,18,38,48,67,25,78,56,94,116,18
2018/11/5,70,29,40,17,3,49,26,7,41,33,34,40,44,13,19,15,91,32,64,34,13,18,21,28,58,51,22,33,28,39,107,6,14,53,9,18,107,21,41,22,58,19,53,85,100,143,12
2018/11/12,73,20,30,14,0,48,22,4,33,15,15,29,47,10,8,8,105,27,57,27,8,25,17,20,80,42,25,35,19,40,110,4,14,62,8,23,85,4,34,22,51,16,47,79,89,191,20
2018/11/19,43,12,30,15,4,26,19,5,43,32,23,31,47,15,9,3,116,22,34,34,8,38,7,19,73,52,18,17,19,43,97,10,11,50,9,12,66,4,35,20,37,14,57,54,86,165,11
2018/11/26,35,19,27,13,3,41,11,7,31,17,28,27,46,21,12,1,90,17,52,36,3,25,12,19,55,39,13,36,14,47,102,7,3,49,13,14,66,8,32,14,27,12,52,67,84,224,7
2018/12/3,45,22,35,12,2,50,17,7,31,18,16,20,51,13,8,1,58,36,43,16,1,19,28,14,71,34,14,26,13,33,105,9,9,37,13,27,64,15,43,20,25,5,57,61,84,278,3
2018/12/10,44,26,23,17,2,32,12,16,43,18,27,25,58,12,21,4,65,30,51,37,4,26,12,16,53,46,7,28,18,26,142,8,5,57,14,15,72,13,28,7,19,8,71,52,95,298,2
2018/12/17,49,24,24,20,0,26,24,16,44,21,29,20,51,12,18,6,72,35,41,37,9,19,8,11,57,47,11,14,10,28,138,9,7,68,10,24,64,19,34,27,33,16,57,56,72,286,12
2018/12/24,58,29,40,21,3,25,20,13,46,26,27,21,49,13,10,5,52,36,17,54,2,14,13,6,61,56,19,12,17,38,140,20,9,36,5,20,46,16,50,22,34,15,85,56,66,284,13
2018/12/31,36,11,30,20,6,10,5,6,15,12,7,7,29,14,1,0,26,19,13,27,1,12,30,6,24,24,11,4,8,17,79,12,12,20,12,9,30,19,11,4,12,9,57,25,48,110,9
2019/1/7,51,20,15,13,5,17,7,9,33,9,23,12,42,8,7,10,56,26,9,42,5,10,28,5,40,56,13,19,12,25,118,18,7,18,14,13,43,13,17,6,14,19,66,36,74,117,15
2019/1/14,56,16,16,12,5,16,18,20,31,11,35,14,27,9,11,11,44,19,3,40,4,3,11,2,31,40,17,9,12,28,123,11,12,12,5,12,44,19,12,14,11,11,68,30,64,100,16
2019/1/21,47,14,28,20,3,16,31,10,32,9,28,25,26,15,4,11,45,27,9,66,4,4,17,7,39,36,23,17,14,14,134,22,23,23,4,27,50,28,19,27,12,26,91,32,75,113,16
2019/1/28,56,14,29,17,2,4,9,3,33,14,44,23,24,9,7,7,54,37,8,43,6,12,25,5,27,28,16,17,14,28,116,18,13,30,6,14,48,18,16,6,13,15,88,22,102,105,13
2019/2/4,60,13,24,12,5,8,10,4,18,21,37,19,44,14,6,13,40,32,5,51,5,7,26,3,26,51,9,17,18,20,136,11,11,36,5,9,41,44,14,11,6,28,102,26,119,92,32
2019/2/11,64,6,21,8,8,13,10,17,31,16,47,18,39,13,16,7,43,29,4,39,6,8,31,2,12,48,4,12,11,24,158,13,6,23,7,11,63,32,20,10,4,13,87,16,102,84,33
2019/2/18,78,7,20,12,13,7,10,15,15,26,37,7,39,13,23,9,43,32,13,56,12,10,23,2,31,66,7,15,15,28,172,11,6,14,5,2,57,31,18,20,8,16,114,14,99,84,40
2019/2/25,63,8,25,15,8,8,9,13,24,21,45,10,36,7,36,13,45,40,2,59,5,6,43,0,31,55,6,22,21,34,197,10,18,13,7,7,73,30,10,39,4,20,112,18,117,71,32
2019/3/4,54,18,21,10,12,4,5,5,13,23,29,7,21,21,34,10,53,30,2,90,3,5,23,1,30,48,3,32,18,39,225,17,11,15,6,5,54,44,10,31,13,27,138,12,87,64,48
2019/3/11,70,13,13,16,10,10,22,16,17,19,41,16,27,15,37,19,40,53,3,70,2,3,34,0,21,48,5,20,10,51,228,27,14,7,2,7,81,49,5,34,6,26,132,20,87,66,46
2019/3/18,85,9,20,20,12,10,17,15,17,21,28,11,40,20,25,17,49,41,5,73,1,7,43,7,40,51,6,18,19,28,247,17,7,11,8,6,101,52,10,30,3,13,133,19,67,54,55
2019/3/25,91,13,26,19,16,5,24,15,24,14,40,19,34,6,32,8,41,40,4,98,0,4,51,2,33,46,9,11,12,36,228,16,13,13,7,13,57,33,14,33,2,15,92,23,100,69,38
2019/4/1,72,17,16,10,10,4,10,17,25,26,27,13,37,11,21,25,48,41,5,60,3,6,53,7,25,34,16,26,8,27,201,16,3,17,10,6,69,30,16,19,9,18,69,19,75,79,37
2019/4/8,52,15,16,13,15,12,20,21,32,10,15,16,64,6,17,27,60,46,6,58,3,20,59,1,43,44,9,37,6,38,233,28,13,10,12,2,116,43,19,13,3,22,104,23,75,104,51
2019/4/15,79,15,19,16,21,14,20,24,54,12,15,33,29,12,18,9,83,34,14,83,1,5,38,7,80,62,2,48,8,63,258,20,6,20,10,7,136,39,14,25,13,19,93,46,66,82,53
2019/4/22,93,11,20,12,17,5,12,13,46,17,15,16,29,18,19,19,77,48,16,81,2,14,38,5,87,70,6,64,22,40,201,16,7,17,13,9,89,36,14,26,5,22,76,31,72,120,69
2019/4/29,31,5,18,8,25,8,4,3,8,7,5,2,15,9,13,4,25,15,10,20,0,4,21,3,18,15,4,25,7,22,92,7,4,2,8,2,30,11,11,0,1,15,38,22,28,43,28
2019/5/6,45,8,10,8,17,6,3,8,20,15,8,5,21,6,2,2,36,21,6,30,2,6,30,2,22,28,4,26,11,21,87,14,3,17,8,1,35,9,15,10,3,12,29,14,25,55,26
2019/5/13,34,7,12,6,30,10,12,10,32,19,15,11,15,4,7,2,34,16,15,24,2,7,15,4,58,25,8,14,12,20,64,7,3,9,4,3,55,6,15,23,4,10,35,30,36,51,27
2019/5/20,45,5,7,4,54,11,14,10,51,7,20,15,21,16,8,6,77,17,24,25,6,3,21,1,67,25,9,7,7,25,70,8,4,19,2,2,72,13,13,12,10,10,37,30,30,59,29
2019/5/27,25,17,12,5,35,8,7,8,32,5,10,2,12,7,2,5,36,9,13,24,1,2,8,5,49,21,7,5,11,12,73,10,3,11,2,1,67,10,18,5,6,13,20,35,26,58,13
2019/6/3,16,5,14,1,47,5,4,9,27,5,0,5,5,3,7,3,40,3,17,10,0,3,14,2,29,20,3,8,3,27,44,1,2,18,6,2,64,8,6,2,6,15,37,25,20,55,4
2019/6/10,26,4,13,1,104,1,3,11,32,7,1,6,10,4,4,2,36,11,14,30,0,4,18,1,45,38,3,8,13,18,54,6,7,12,4,1,84,9,5,2,3,29,38,27,13,53,5
2019/6/17,20,5,23,0,146,2,3,5,60,8,5,2,16,1,4,5,39,5,21,25,1,7,23,2,49,38,4,26,17,35,41,3,5,10,1,0,77,9,5,3,6,15,31,32,20,64,6
2019/6/24,28,2,25,1,249,2,6,11,52,11,1,2,18,1,4,5,40,2,7,10,3,9,31,1,50,33,17,16,8,19,41,3,1,12,1,0,96,5,6,4,2,17,46,36,19,62,1
2019/7/1,31,4,17,4,299,10,5,15,29,12,13,7,7,2,5,6,56,1,7,10,2,7,41,0,57,69,6,21,3,39,70,4,14,12,0,2,122,14,15,9,4,9,34,41,31,94,4
2019/7/8,46,15,98,4,375,7,8,41,51,7,30,13,15,3,17,8,100,8,16,15,0,5,46,1,82,109,6,14,3,70,116,13,20,7,4,1,209,6,19,6,6,23,93,72,41,113,7
2019/7/15,69,6,57,12,297,21,11,60,51,10,34,22,12,1,7,8,117,11,22,18,0,6,49,3,85,137,10,24,8,78,140,7,22,5,1,2,209,4,25,6,19,33,132,64,53,100,9
2019/7/22,104,20,88,24,217,19,15,146,87,25,50,20,31,2,11,12,191,6,34,61,0,9,87,4,108,215,11,44,5,138,150,12,52,16,20,4,365,16,23,13,41,51,261,128,105,135,8
2019/7/29,117,44,116,29,174,24,29,218,94,51,111,51,43,2,32,22,271,14,46,67,1,20,133,4,167,254,21,53,13,205,224,33,102,21,32,5,560,27,43,29,49,55,393,136,147,133,26
2019/8/5,125,63,120,26,106,29,52,239,144,68,116,88,64,10,48,43,267,31,98,73,10,20,164,12,187,348,52,129,36,211,276,51,130,29,18,18,513,55,56,30,37,51,276,213,155,128,18
2019/8/12,123,36,96,35,63,29,46,175,47,65,126,29,53,12,37,30,193,45,78,53,5,11,139,13,126,217,41,140,24,162,206,54,136,29,11,24,362,60,47,37,29,50,264,139,110,148,19
2019/8/19,119,98,94,29,33,18,44,193,85,50,96,38,79,17,34,34,249,35,43,63,12,30,117,14,121,256,26,135,33,183,244,64,117,32,31,14,439,51,60,52,24,20,321,125,167,133,18
2019/8/26,211,117,122,72,23,51,67,265,175,102,261,118,226,58,81,90,355,69,167,148,31,50,222,35,215,423,50,191,64,239,467,137,267,51,47,67,616,126,117,99,72,51,468,215,305,254,16
2019/9/2,321,160,157,134,18,82,112,361,151,147,260,171,272,90,92,168,405,95,158,209,36,48,244,71,337,481,65,265,119,276,701,147,249,76,42,118,684,153,151,147,119,72,605,295,496,256,26
2019/9/9,429,265,164,167,14,104,110,303,118,166,280,209,338,149,123,200,428,155,187,234,52,83,256,106,304,407,78,296,100,230,889,132,276,95,75,116,646,154,146,202,102,49,724,298,596,245,46
2019/9/16,388,185,92,156,25,118,133,263,125,133,239,183,299,170,86,135,402,158,134,207,51,81,191,71,303,359,32,295,79,131,832,115,164,74,82,115,465,163,162,149,90,68,557,200,455,220,35
2019/9/23,362,173,94,160,10,100,99,124,110,120,209,114,238,173,83,96,331,132,149,195,49,49,145,40,209,251,28,234,54,133,755,118,134,69,40,75,390,83,133,134,47,46,367,131,442,177,36
2019/9/30,336,127,74,118,6,69,86,85,81,106,154,101,206,158,83,69,279,152,97,146,46,47,150,82,279,227,35,199,80,116,695,86,79,74,66,78,291,66,124,146,40,46,310,91,324,188,47
2019/10/7,374,138,63,109,11,75,92,75,64,97,114,77,208,146,71,70,184,118,83,156,34,38,135,55,163,148,42,150,74,112,702,92,57,56,63,62,215,57,81,120,39,34,322,80,293,223,33
2019/10/14,234,62,48,68,1,75,64,44,60,69,54,55,119,151,36,22,137,90,50,102,16,34,68,38,125,103,21,102,55,41,464,51,33,38,28,37,155,58,59,87,44,15,145,80,189,217,45
2019/10/21,192,62,28,39,2,79,50,17,47,77,37,37,74,72,14,19,103,74,41,91,18,29,61,43,145,95,36,101,57,36,385,25,22,28,34,34,87,29,49,80,36,17,120,59,164,196,40
2019/10/28,180,44,27,49,14,78,42,6,46,52,28,46,70,68,9,17,110,65,30,66,13,24,49,50,94,81,35,83,31,31,298,18,14,35,35,25,72,26,57,53,32,16,78,87,130,218,56
2019/11/4,127,43,23,40,2,49,30,7,41,47,12,28,47,39,8,6,59,51,32,61,9,17,21,50,71,51,35,48,32,30,231,8,10,47,22,19,70,17,23,32,21,14,47,49,127,185,52
2019/11/11,127,18,19,23,1,44,26,4,28,50,10,28,44,50,2,5,63,49,15,51,6,14,19,33,81,64,31,40,29,30,153,4,4,37,13,11,62,10,28,26,14,12,40,64,100,205,41
2019/11/18,101,22,13,11,0,41,17,4,35,46,10,28,35,42,5,10,60,34,21,35,5,20,10,51,70,34,28,30,27,22,116,4,1,57,16,4,60,9,23,11,9,10,35,32,88,229,37
2019/11/25,85,15,10,18,0,72,18,4,30,42,9,23,39,34,5,0,56,27,39,38,16,12,5,45,80,39,34,20,31,25,130,3,0,50,12,6,59,12,38,36,26,12,17,35,73,206,51
2019/12/2,79,12,7,18,0,48,17,6,36,49,5,20,31,11,7,3,59,40,36,16,14,9,7,36,63,46,29,47,19,29,132,4,1,60,6,3,58,5,22,27,10,15,15,37,77,267,47
2019/12/9,75,11,9,18,0,74,11,7,42,35,4,15,22,23,2,2,61,43,18,34,21,10,7,33,55,48,39,52,18,37,123,2,1,82,5,1,44,5,18,28,12,14,35,36,63,290,32
2019/12/16,82,17,19,18,1,61,15,6,57,52,3,11,31,18,7,2,61,48,16,45,14,13,4,22,64,36,34,49,8,35,147,4,0,80,3,6,65,4,22,15,6,11,52,45,62,292,39
2019/12/23,91,21,26,12,1,48,14,6,65,34,2,22,28,13,14,5,69,61,12,48,27,4,12,33,59,46,27,75,13,34,141,6,1,77,8,2,68,7,22,34,4,9,30,40,87,258,50
2019/12/30,28,10,22,9,0,8,8,0,9,13,1,5,10,7,14,0,30,22,3,14,4,6,4,14,26,5,21,20,4,10,42,3,2,42,1,3,13,5,10,4,6,3,15,18,30,100,25
2020/1/6,68,3,15,12,0,17,11,1,24,27,2,8,25,11,6,2,51,31,7,21,6,17,10,8,33,31,15,29,5,26,96,4,0,45,3,0,42,10,12,20,5,8,23,23,52,130,28
2020/1/13,50,6,5,7,0,9,11,1,18,22,6,15,23,6,3,2,49,31,7,17,5,10,10,9,17,24,9,22,9,23,91,2,1,49,5,0,31,3,14,13,6,5,28,15,46,102,26
2020/1/20,41,8,12,19,0,22,15,6,35,13,12,20,26,5,8,3,53,24,12,43,5,6,12,6,21,49,10,31,12,30,93,5,0,46,5,6,44,8,8,17,8,2,39,20,36,121,19
2020/1/27,55,17,9,10,1,21,14,4,47,20,16,11,25,6,16,3,49,21,24,38,2,0,20,5,29,43,15,30,14,29,97,10,9,43,4,7,61,10,13,16,10,12,64,32,42,75,24
2020/2/3,35,9,10,9,5,9,15,10,27,13,18,5,35,16,23,2,56,25,15,35,4,5,17,4,40,54,5,13,9,27,68,8,12,21,5,7,49,12,21,12,6,13,42,19,56,83,32
2020/2/10,37,9,5,13,0,4,8,3,23,8,13,6,18,10,15,8,29,18,10,30,7,7,13,2,31,28,14,24,9,21,86,10,3,27,3,1,54,19,17,13,7,10,33,20,42,74,21
2020/2/17,43,10,13,7,3,13,12,3,34,9,10,5,25,14,7,6,49,20,11,35,3,6,14,3,17,52,10,18,10,30,78,15,5,22,0,2,46,6,12,18,2,10,38,28,55,53,27
2020/2/24,33,6,12,4,2,6,11,4,24,11,12,11,24,5,10,8,46,21,4,50,2,5,13,0,25,40,9,13,7,33,65,14,7,9,2,6,55,10,10,16,4,8,52,32,61,54,25
2020/3/2,56,8,11,3,4,24,15,5,54,9,15,6,20,7,14,2,42,18,6,37,0,5,11,1,30,38,8,27,6,13,78,11,3,7,5,8,47,5,6,9,1,2,52,23,42,44,17
2020/3/9,34,4,13,3,0,11,14,3,34,8,11,3,17,5,25,10,21,19,9,48,0,1,36,1,42,41,8,10,6,16,46,10,12,13,6,6,42,1,9,13,1,7,53,28,41,12,15
2020/3/16,11,1,12,2,1,1,12,2,12,11,6,5,8,7,5,4,18,7,8,29,0,5,24,1,20,12,6,5,7,12,44,14,15,5,1,2,14,2,5,8,1,2,31,23,38,14,21
2020/3/23,14,1,5,2,0,4,7,4,6,4,15,2,6,0,5,3,11,8,7,20,2,0,11,0,17,24,13,6,2,8,27,3,5,8,2,3,8,0,6,5,1,2,23,13,20,2,9
2020/3/30,12,2,7,2,1,2,4,2,5,1,9,6,6,12,8,9,8,2,0,13,1,0,22,0,14,27,12,4,2,13,33,3,1,2,1,4,6,2,5,5,5,3,41,4,6,1,8
2020/4/6,10,5,6,0,6,1,1,0,4,2,2,0,12,9,0,4,8,4,1,15,0,0,17,0,10,17,13,2,1,7,27,2,3,0,1,2,9,3,8,3,4,0,37,2,8,3,6
2020/4/13,7,5,6,0,1,5,3,1,21,0,1,2,4,3,7,6,5,12,1,6,0,0,12,1,7,10,9,4,0,4,27,3,1,1,4,2,2,3,2,1,4,6,19,10,10,3,6
2020/4/20,6,3,4,1,0,4,1,0,13,2,9,1,3,0,3,1,3,3,0,2,1,0,10,0,7,5,4,0,0,1,9,1,4,0,1,5,1,1,3,0,1,3,5,3,4,1,2
2020/4/27,3,1,0,2,0,0,0,2,8,1,0,0,2,0,2,2,1,3,0,3,0,0,10,0,6,7,2,1,0,0,0,0,2,0,0,1,1,0,0,0,0,0,4,0,1,0,2
2020/5/4,1,1,0,1,0,3,0,0,1,0,0,1,0,0,1,0,1,0,0,0,0,0,2,1,0,0,1,0,0,0,0,1,0,0,0,0,1,2,0,0,0,2,3,0,1,2,0
2020/5/11,2,0,0,0,0,2,1,0,0,0,0,0,0,0,0,0,2,0,0,0,0,0,3,1,0,0,2,0,1,0,3,1,0,0,0,0,0,2,1,0,0,0,1,0,0,0,0
2020/5/18,0,0,0,0,0,1,2,0,0,0,0,0,0,0,0,0,0,1,0,0,0,1,1,0,2,1,0,0,0,0,0,0,0,0,0,1,1,0,0,0,0,0,1,0,0,1,0
2020/5/25,0,0,1,0,0,1,1,0,0,0,0,0,0,0,0,0,0,0,0,0,0,0,2,0,0,0,0,0,0,0,2,1,0,0,0,3,0,1,0,0,0,0,0,0,1,4,1
2020/6/1,1,0,0,0,0,0,0,1,1,0,0,0,0,0,0,0,0,0,1,3,0,0,0,0,1,1,1,0,0,0,3,0,0,0,0,3,0,0,0,0,0,0,0,1,0,7,0
2020/6/8,1,0,1,0,0,0,1,0,0,0,0,0,0,0,0,0,0,0,0,1,0,0,7,0,2,1,0,0,0,0,1,0,0,1,0,2,0,1,0,0,1,0,1,0,0,1,0
2020/6/15,4,0,1,0,0,0,0,0,0,0,0,0,1,0,0,0,0,0,0,1,0,0,2,0,1,2,0,0,0,0,0,0,0,0,0,0,0,1,0,0,0,0,0,0,1,4,0
2020/6/22,1,0,0,0,0,1,0,0,0,0,0,0,0,0,2,0,0,0,1,1,0,2,1,0,1,1,0,1,0,0,3,0,0,0,0,0,0,0,0,0,0,0,1,0,0,1,0
2020/6/29,2,0,0,0,4,0,0,0,1,0,0,0,0,0,0,0,2,0,0,2,0,0,3,0,3,2,0,0,0,0,10,0,1,0,0,0,3,4,0,1,0,0,1,0,3,4,0
2020/7/6,0,0,2,0,5,1,2,0,0,0,0,0,0,0,0,0,2,0,0,1,0,2,7,1,3,1,0,0,0,2,2,0,1,1,0,0,2,1,0,0,0,0,2,0,0,5,0
2020/7/13,2,0,0,20,2,6,0,0,0,0,1,0,0,0,0,0,2,0,0,0,0,0,6,0,1,2,0,2,0,0,1,0,0,0,0,0,1,1,1,0,0,0,4,0,0,0,0
2020/7/20,3,0,1,0,7,1,0,0,0,0,0,0,0,0,0,0,3,0,4,3,0,0,9,0,2,0,0,0,0,0,1,0,0,1,0,1,0,4,0,0,0,0,0,0,1,0,1
2020/7/27,0,1,1,2,10,2,0,0,1,0,0,0,1,1,0,0,0,0,0,13,0,0,15,0,0,0,0,0,1,1,3,0,0,0,0,0,1,1,0,0,0,0,0,0,1,1,0
2020/8/3,0,1,2,0,20,5,4,0,4,0,0,0,0,1,0,10,1,0,0,10,0,0,36,0,0,0,0,0,0,1,1,0,1,0,0,0,1,0,0,0,1,0,2,1,2,0,0
2020/8/10,0,1,0,0,23,0,4,0,0,0,0,0,0,0,0,4,0,0,0,7,0,0,16,0,0,0,0,0,1,0,0,0,0,0,0,0,0,1,0,0,0,0,7,0,0,0,0
2020/8/17,1,0,0,0,10,0,0,0,1,0,0,0,0,0,0,2,0,0,0,19,0,0,53,0,2,1,0,0,0,0,1,0,2,0,0,0,0,3,0,0,0,0,0,0,0,1,0
2020/8/24,0,0,0,2,1,5,3,0,0,0,0,0,0,0,0,1,0,0,0,13,0,0,54,0,0,1,0,0,1,0,3,0,2,0,0,0,0,0,0,0,0,0,0,1,0,1,0
2020/8/31,3,0,0,12,11,3,0,1,0,0,0,0,0,0,1,1,0,0,0,15,0,0,118,0,0,3,0,0,0,0,0,0,0,0,0,0,0,2,0,0,0,0,1,5,0,1,0
2020/9/7,0,0,0,4,12,3,0,0,2,0,0,0,0,1,0,3,3,0,0,7,0,1,127,0,0,1,0,0,0,0,2,0,0,0,0,0,3,0,0,0,0,0,0,3,1,0,0
2020/9/14,3,0,1,4,38,3,0,0,1,0,0,0,0,3,0,5,0,0,0,4,0,0,151,0,1,0,0,0,0,0,2,0,4,0,1,0,0,1,0,0,0,0,0,5,0,3,0
2020/9/21,2,0,1,1,48,3,0,0,0,0,0,0,2,0,0,5,0,0,0,2,0,1,130,0,0,1,0,0,0,0,2,0,3,1,0,0,0,1,0,0,0,0,0,1,0,1,0
2020/9/28,1,0,0,6,48,4,0,0,1,0,0,1,0,0,0,1,0,0,1,1,0,0,131,0,0,0,0,0,0,0,3,0,5,0,0,0,0,1,0,0,0,0,1,4,0,0,0
2020/10/5,1,0,0,7,65,7,0,4,2,0,0,0,0,0,0,1,2,0,0,1,0,0,203,0,0,2,0,0,0,1,2,0,1,0,0,0,2,0,0,0,0,0,2,2,2,1,0
2020/10/12,3,0,0,3,90,17,0,7,0,0,0,0,1,1,0,1,0,0,0,0,0,0,144,0,0,0,0,0,0,1,5,0,1,0,0,1,2,0,0,0,0,0,0,7,0,0,0
2020/10/19,0,0,1,0,133,12,0,7,1,0,0,0,0,0,1,0,0,1,0,1,0,0,121,0,1,0,2,2,1,3,3,0,0,0,0,0,2,2,0,0,0,0,0,2,2,7,0
2020/10/26,1,0,0,0,180,7,0,2,0,1,1,0,0,0,0,2,1,0,0,19,0,0,160,0,0,0,0,1,1,0,3,0,0,0,0,0,0,2,0,0,0,0,0,1,1,0,0
2020/11/2,3,1,1,2,173,17,0,1,2,0,0,0,0,0,0,0,0,0,0,1,0,0,134,0,0,1,0,2,0,0,2,0,0,0,0,1,0,0,1,0,1,0,1,0,0,2,0
2020/11/9,5,0,0,1,148,26,0,1,0,0,1,0,0,0,0,0,0,0,1,0,0,0,124,0,0,1,1,0,0,1,3,0,1,0,0,1,2,0,0,0,1,1,0,1,2,3,0
2020/11/16,0,0,1,2,145,13,0,5,4,0,8,0,2,0,0,1,0,0,0,0,0,0,120,0,0,4,0,0,0,0,1,0,6,0,0,1,1,0,1,0,0,0,0,3,3,4,0
2020/11/23,1,0,0,0,93,14,0,12,1,0,4,0,3,0,0,1,0,0,0,0,0,0,145,0,0,1,0,1,0,1,7,0,0,0,0,0,6,1,0,0,1,3,6,0,8,0,0
2020/11/30,4,0,0,0,79,31,0,35,6,0,9,0,3,0,0,1,2,0,0,2,0,1,126,0,0,2,0,0,0,0,9,0,2,0,0,0,0,1,0,0,0,1,7,0,5,2,0
2020/12/7,4,0,0,0,79,38,0,33,1,0,10,0,6,0,0,1,2,1,0,1,0,0,155,0,0,5,0,2,0,0,14,1,4,0,0,0,2,0,0,0,0,0,21,2,1,0,0
2020/12/14,3,0,1,1,58,23,0,35,3,1,5,0,1,1,0,5,2,0,0,0,0,1,192,0,0,3,0,0,0,0,13,1,4,2,0,0,4,4,2,0,4,1,18,3,3,1,1
2020/12/21,4,0,0,6,43,32,1,60,1,0,14,0,5,0,0,12,2,2,0,2,0,0,194,0,0,6,0,0,0,1,14,0,7,0,0,0,5,0,1,0,0,0,17,1,2,1,0
2020/12/28,3,0,0,1,25,20,0,34,0,1,8,0,3,2,0,9,1,0,0,1,0,0,128,0,0,1,0,1,0,0,3,0,5,1,0,0,4,3,0,0,1,0,12,2,5,1,0
2021/1/4,3,0,0,0,27,16,0,37,0,0,10,0,3,0,0,4,1,0,1,1,0,0,101,0,0,5,0,0,0,0,11,0,7,0,0,0,1,0,0,0,0,0,17,3,8,1,0
2021/1/11,6,0,1,0,0,15,0,62,0,0,25,0,4,0,0,12,1,0,0,0,0,0,79,0,0,4,0,0,0,1,33,0,16,0,0,0,9,1,0,5,1,0,28,3,5,1,0
2021/1/18,4,0,0,1,39,22,1,88,0,1,62,0,9,1,0,38,0,0,0,0,0,0,127,0,0,3,0,0,0,1,76,0,32,0,0,0,13,6,0,12,0,0,86,6,21,3,0
2021/1/25,15,0,0,0,49,26,0,85,18,6,75,0,4,0,0,38,2,0,0,6,0,0,84,0,0,6,0,1,0,0,63,0,68,0,0,1,12,0,1,4,1,0,167,4,14,0,0
2021/2/1,12,0,0,2,26,22,0,96,15,6,80,0,1,0,0,24,2,0,0,11,0,0,79,0,0,4,0,1,0,1,91,0,83,1,0,0,11,5,0,3,1,0,173,6,27,1,0
2021/2/8,18,0,0,0,13,42,0,127,5,3,100,0,5,0,0,32,0,0,0,7,0,0,58,2,0,1,1,3,0,0,105,0,78,0,1,0,4,0,3,1,2,1,202,10,24,4,0
2021/2/15,23,1,0,1,11,59,0,104,7,4,80,0,6,0,0,24,1,0,0,3,0,0,63,0,0,1,1,8,0,0,130,0,128,0,0,1,16,0,8,2,0,0,291,7,55,0,0
2021/2/22,24,0,1,0,15,68,0,143,7,5,138,0,9,0,0,41,3,0,0,1,0,0,58,0,0,5,2,15,0,5,148,0,157,0,0,0,33,1,7,3,8,0,332,18,42,0,0
2021/3/1,21,0,0,1,15,71,0,159,11,4,162,0,5,0,0,62,3,2,0,5,0,0,42,0,0,2,5,32,0,3,185,5,161,0,3,0,17,0,6,1,10,0,348,13,37,0,0
2021/3/8,33,0,0,1,0,57,0,204,17,2,262,0,15,1,0,114,0,1,0,12,0,3,45,1,0,4,9,57,0,2,238,1,159,0,0,0,25,0,19,0,10,0,441,27,63,0,0
2021/3/15,34,0,1,0,11,77,0,176,4,5,216,0,14,0,0,107,1,2,0,17,0,0,25,0,0,7,27,45,0,1,292,1,145,0,0,0,30,0,20,1,26,0,471,12,45,0,0
2021/3/22,56,0,1,0,4,49,1,188,14,9,214,2,41,1,0,123,4,3,2,19,0,0,8,3,0,7,49,72,0,1,328,0,218,0,0,0,15,0,11,0,55,0,562,27,87,0,0
2021/3/29,50,0,0,0,7,75,0,246,20,34,238,0,47,2,0,144,2,4,0,28,0,1,13,14,0,23,42,58,20,1,373,4,217,0,0,0,25,1,12,6,47,0,494,10,76,1,2
2021/4/5,61,1,2,1,7,48,2,297,12,35,211,0,53,0,1,149,7,1,11,40,0,7,23,23,1,15,46,67,32,1,405,14,156,0,0,0,37,2,32,23,85,1,555,7,81,3,0
2021/4/12,119,0,0,8,5,103,7,255,26,52,244,2,83,0,0,173,3,5,24,76,3,20,29,38,0,44,79,109,44,7,623,22,175,0,0,0,76,1,30,27,110,2,700,20,154,26,4
2021/4/19,189,0,3,12,6,108,22,270,38,108,288,1,93,0,0,197,9,15,45,122,2,43,20,72,0,60,66,188,54,5,752,51,139,0,0,0,62,0,59,73,152,39,775,8,194,27,7
2021/4/26,196,1,6,16,7,86,20,176,29,105,147,0,116,0,5,132,4,17,64,85,1,39,17,85,0,82,53,178,93,3,581,58,84,0,1,2,81,0,65,112,158,41,544,14,151,68,6
2021/5/3,176,2,8,8,6,69,17,90,43,70,62,2,77,0,3,52,11,14,55,94,0,24,9,63,0,37,46,160,96,6,433,47,78,0,1,0,58,0,21,69,85,39,386,8,140,23,26
2021/5/10,186,2,17,21,10,26,44,56,33,76,78,0,77,3,4,40,9,43,44,198,8,27,10,91,0,74,41,155,113,5,538,59,65,0,0,2,95,3,35,117,79,26,378,12,169,61,11
2021/5/17,339,16,24,38,5,24,99,112,67,157,97,0,101,10,11,97,23,95,115,391,5,44,19,100,5,209,64,278,195,15,801,128,106,1,0,3,219,2,67,332,139,126,571,26,299,120,40
2021/5/24,690,21,68,67,4,54,248,130,136,194,135,20,94,17,39,67,41,167,148,508,13,71,4,93,11,333,40,465,235,51,976,186,96,2,0,7,368,10,96,362,206,158,569,36,373,111,98
2021/5/31,768,31,60,56,7,28,301,80,124,203,79,10,124,19,21,52,59,164,208,539,15,106,10,80,36,433,72,496,244,80,938,178,75,0,3,18,472,8,86,251,181,221,481,41,339,94,155
2021/6/7,708,35,48,58,4,19,241,58,145,179,54,12,103,27,74,43,115,239,176,433,8,102,18,114,102,533,55,479,190,100,811,244,102,3,0,14,655,22,81,177,222,303,430,54,372,107,171
2021/6/14,713,52,61,80,7,12,238,63,210,173,80,14,98,54,106,58,191,307,237,452,24,96,27,112,112,768,70,610,204,287,737,211,70,9,4,33,850,45,136,185,231,276,482,97,429,159,171
2021/6/21,772,95,69,77,12,20,312,74,413,203,64,32,120,67,194,64,312,511,226,505,30,96,52,142,208,1122,44,772,217,425,655,261,50,20,19,60,1238,85,173,189,255,298,449,126,558,216,307
2021/6/28,643,170,102,109,6,17,338,86,600,156,60,56,100,83,233,14,461,704,198,359,39,111,39,115,314,1282,88,591,228,562,544,272,52,6,14,94,1581,82,191,182,184,283,248,165,733,218,311
2021/7/5,683,165,250,178,12,4,305,64,652,196,41,95,188,96,319,23,694,850,222,384,66,90,48,102,442,1641,44,652,324,881,588,267,55,11,14,119,2022,176,221,128,196,245,208,236,969,330,400
2021/7/12,657,213,283,245,11,8,316,37,751,278,35,159,343,185,345,32,1058,855,254,329,103,114,37,139,747,1644,76,677,369,1127,779,322,38,60,30,133,2295,465,197,174,169,202,203,321,1149,556,395
2021/7/19,399,216,305,238,15,23,188,48,457,257,27,118,255,185,323,19,1000,480,163,229,82,83,84,77,630,1084,37,428,236,900,705,227,28,64,31,144,1709,455,141,135,93,135,134,289,1028,495,265
2021/7/26,281,246,289,197,14,19,116,44,356,211,37,206,308,286,323,11,913,246,182,116,74,102,94,50,677,670,47,320,149,740,590,140,25,102,35,186,1160,518,109,99,85,111,134,373,819,676,208
2021/8/2,217,381,232,162,14,29,100,35,223,227,24,203,411,242,348,2,896,137,165,101,69,0,115,31,761,318,33,186,106,415,482,71,31,258,81,205,993,423,114,82,87,91,133,419,604,644,117
2021/8/9,127,275,160,117,18,32,62,21,109,126,10,181,267,222,280,0,605,47,140,104,49,50,101,14,594,130,27,99,97,212,340,23,19,161,106,154,518,215,60,54,63,58,113,348,302,584,75
2021/8/16,94,283,118,105,26,26,51,23,131,86,27,148,206,188,224,24,425,33,100,83,38,31,76,8,577,106,15,54,31,135,244,10,29,205,138,128,331,158,52,53,42,46,119,295,316,536,60
2021/8/23,114,282,121,111,39,35,34,9,131,88,35,215,223,167,161,15,541,35,58,124,45,39,111,6,629,129,28,36,27,87,311,5,36,245,196,85,334,68,50,67,31,25,156,354,285,587,34
2021/8/30,93,188,125,80,53,48,36,18,123,71,63,171,194,85,98,13,421,23,57,126,33,19,139,6,616,81,46,34,29,79,173,5,30,279,246,69,235,65,49,39,17,24,184,388,225,689,14
2021/9/6,52,168,90,44,47,72,22,19,87,49,49,143,136,57,47,13,290,8,45,125,33,14,177,10,409,36,27,22,19,71,137,1,25,313,235,59,176,41,39,19,9,13,173,299,153,558,13
2021/9/13,36,121,54,26,57,50,27,21,77,14,61,166,87,40,28,21,218,7,31,90,14,10,206,0,213,29,20,19,14,31,108,1,36,291,118,42,99,31,36,9,10,11,105,222,92,467,21
2021/9/20,10,70,33,16,77,27,12,15,50,15,39,77,58,18,10,17,141,6,27,68,17,3,213,1,91,30,12,5,6,18,75,1,19,180,62,10,35,12,23,8,5,0,117,148,65,437,19
2021/9/27,12,42,15,4,73,21,7,11,20,13,34,52,41,4,10,27,77,1,11,35,1,5,234,3,65,23,8,1,2,11,49,2,20,158,23,8,37,4,11,2,1,0,53,87,36,353,4
2021/10/4,9,25,11,3,115,30,8,30,26,16,49,36,22,2,1,27,54,0,12,38,2,0,246,2,40,11,2,0,11,12,46,1,11,104,21,14,26,3,10,3,0,3,56,53,15,303,2
2021/10/11,6,10,11,3,118,25,3,22,19,5,40,47,26,8,0,34,36,0,1,30,2,1,220,3,24,3,3,0,0,4,39,3,10,110,9,4,20,2,8,0,1,2,60,45,8,332,1
2021/10/18,10,6,1,1,122,36,4,21,15,2,26,43,15,7,0,35,33,0,3,4,0,2,224,3,19,21,0,3,0,7,26,0,6,108,1,4,10,1,8,0,1,0,52,29,13,225,1
2021/10/25,10,4,4,1,120,37,1,23,8,4,26,11,16,2,0,34,21,1,6,1,2,1,177,3,25,5,1,0,2,0,21,0,9,74,3,4,14,0,4,5,1,0,72,20,9,166,1
2021/11/1,14,1,2,1,130,44,4,21,9,2,18,9,24,1,1,26,18,0,3,5,0,0,137,1,3,4,0,2,1,5,15,0,17,43,5,1,13,0,6,3,0,1,47,16,2,139,1
2021/11/8,17,1,3,0,81,62,2,25,4,5,35,4,35,0,0,38,5,0,4,11,0,2,139,0,2,5,1,0,0,5,22,1,15,77,0,0,21,0,4,2,1,2,42,15,7,93,5
2021/11/15,5,0,3,5,88,39,0,21,5,7,31,6,36,0,0,59,6,0,4,7,1,0,153,0,1,6,0,0,5,3,42,0,12,57,0,8,5,0,2,9,6,0,51,8,7,98,0
2021/11/22,5,3,1,8,88,40,2,21,8,11,34,1,29,0,0,65,15,1,2,15,0,1,140,3,1,3,0,0,0,3,36,0,12,25,1,3,6,0,0,7,6,5,76,10,3,90,5
2021/11/29,6,2,2,6,73,44,0,22,24,9,40,2,18,0,0,73,10,1,0,11,0,1,118,0,0,2,2,0,0,4,31,1,38,19,0,2,5,0,5,3,5,5,92,6,20,81,2
2021/12/6,12,0,0,6,82,53,4,38,13,8,40,2,38,0,0,67,13,1,0,5,0,1,135,14,0,5,0,0,20,4,36,0,39,26,0,0,3,0,1,1,18,2,152,5,13,82,0
2021/12/13,8,2,2,3,87,44,3,43,5,30,91,4,56,0,0,52,27,0,0,5,0,2,194,7,0,0,0,0,25,4,44,0,35,22,0,0,14,0,2,1,9,2,210,3,26,89,0
2021/12/20,13,4,1,10,116,57,1,47,5,4,105,5,65,0,0,52,14,0,1,13,0,2,210,3,3,2,4,0,21,2,75,0,75,16,0,1,19,0,8,0,5,2,210,6,16,83,0
2021/12/27,26,2,2,3,88,41,1,57,1,6,79,5,44,2,2,31,7,0,0,9,1,4,113,0,0,1,0,0,8,8,61,1,94,11,0,1,12,1,2,0,15,6,161,5,12,66,1